TEAM,H/A,PTS,SCORE,,,PTS,OPPONENT,W/D/L,DATE
Birmingham City FC,H,1,1,-,1,1,Ipswich Town FC,D,08/08/2025
Birmingham City FC,A,4,2,-,1,3,Blackburn Rovers FC,W,08/16/2025
Birmingham City FC,H,7,1,-,0,4,Oxford United FC,W,08/23/2025
Birmingham City FC,A,7,0,-,2,4,Leicester City FC,L,08/29/2025
Birmingham City FC,A,7,0,-,1,4,Stoke City FC,L,09/13/2025
Birmingham City FC,H,10,1,-,0,5,Swansea City AFC,W,09/20/2025
Birmingham City FC,A,10,0,-,3,5,Coventry City FC,L,09/27/2025
Birmingham City FC,H,11,2,-,2,7,Sheffield Wednesday FC,D,09/30/2025
Birmingham City FC,A,12,1,-,1,8,Wrexham AFC,D,10/03/2025
Birmingham City FC,H,12,2,-,3,10,Hull City AFC,L,10/18/2025
Birmingham City FC,A,15,1,-,0,11,Preston North End FC,W,10/21/2025
Birmingham City FC,A,15,0,-,1,11,Bristol City FC,L,10/25/2025
Birmingham City FC,H,18,4,-,0,15,Portsmouth FC,W,11/01/2025
Birmingham City FC,H,21,4,-,0,19,Millwall FC,W,11/04/2025
Birmingham City FC,A,21,1,-,2,20,Middlesbrough FC,L,11/08/2025
Birmingham City FC,H,24,4,-,1,24,Norwich City FC,W,11/22/2025
Birmingham City FC,A,25,1,-,1,25,West Bromwich Albion FC,D,11/26/2025
Birmingham City FC,H,28,2,-,1,27,Watford FC,W,12/01/2025
Birmingham City FC,A,28,1,-,3,28,Southampton FC,L,12/06/2025
Birmingham City FC,A,28,1,-,2,29,Queens Park Rangers FC,L,12/09/2025
Birmingham City FC,H,29,1,-,1,30,Charlton Athletic FC,D,12/13/2025
Birmingham City FC,A,29,0,-,3,30,Sheffield United FC,L,12/20/2025
Birmingham City FC,H,30,1,-,1,31,Derby County FC,D,12/26/2025
Birmingham City FC,H,31,1,-,1,32,Southampton FC,D,12/29/2025
Birmingham City FC,A,31,0,-,3,32,Watford FC,L,01/01/2026
Birmingham City FC,H,34,3,-,2,35,Coventry City FC,W,01/04/2026
Birmingham City FC,A,34,-,-,-,35,Swansea City AFC,,01/17/2026
Birmingham City FC,A,34,-,-,-,35,Sheffield Wednesday FC,,01/20/2026
Birmingham City FC,H,34,-,-,-,35,Stoke City FC,,01/24/2026
Birmingham City FC,A,34,-,-,-,35,Oxford United FC,,01/31/2026
Birmingham City FC,H,34,-,-,-,35,Leicester City FC,,02/07/2026
Birmingham City FC,H,34,-,-,-,35,West Bromwich Albion FC,,02/14/2026
Birmingham City FC,A,34,-,-,-,35,Norwich City FC,,02/21/2026
Birmingham City FC,A,34,-,-,-,35,Millwall FC,,02/25/2026
Birmingham City FC,H,34,-,-,-,35,Middlesbrough FC,,03/02/2026
Birmingham City FC,A,34,-,-,-,35,Charlton Athletic FC,,03/07/2026
Birmingham City FC,H,34,-,-,-,35,Queens Park Rangers FC,,03/10/2026
Birmingham City FC,H,34,-,-,-,35,Sheffield United FC,,03/14/2026
Birmingham City FC,A,34,-,-,-,35,Derby County FC,,03/21/2026
Birmingham City FC,H,34,-,-,-,35,Blackburn Rovers FC,,04/03/2026
Birmingham City FC,A,34,-,-,-,35,Ipswich Town FC,,04/06/2026
Birmingham City FC,H,34,-,-,-,35,Wrexham AFC,,04/11/2026
Birmingham City FC,A,34,-,-,-,35,Hull City AFC,,04/18/2026
Birmingham City FC,H,34,-,-,-,35,Preston North End FC,,04/22/2026
Birmingham City FC,H,34,-,-,-,35,Bristol City FC,,04/25/2026
Birmingham City FC,A,34,-,-,-,35,Portsmouth FC,,05/02/2026
Blackburn Rovers FC,A,0,0,-,1,0,West Bromwich Albion FC,L,08/09/2025
Blackburn Rovers FC,H,0,1,-,2,1,Birmingham City FC,L,08/16/2025
Blackburn Rovers FC,A,3,3,-,0,4,Hull City AFC,W,08/23/2025
Blackburn Rovers FC,H,3,0,-,2,4,Norwich City FC,L,08/30/2025
Blackburn Rovers FC,A,6,1,-,0,5,Watford FC,W,09/13/2025
Blackburn Rovers FC,A,6,0,-,3,5,Charlton Athletic FC,L,09/27/2025
Blackburn Rovers FC,H,6,1,-,2,6,Swansea City AFC,L,09/30/2025
Blackburn Rovers FC,H,7,1,-,1,7,Stoke City FC,D,10/04/2025
Blackburn Rovers FC,A,7,0,-,2,7,Coventry City FC,L,10/18/2025
Blackburn Rovers FC,H,7,1,-,3,8,Sheffield United FC,L,10/21/2025
Blackburn Rovers FC,H,10,2,-,1,10,Southampton FC,W,10/25/2025
Blackburn Rovers FC,A,13,2,-,0,12,Leicester City FC,W,11/01/2025
Blackburn Rovers FC,A,16,1,-,0,13,Bristol City FC,W,11/04/2025
Blackburn Rovers FC,H,16,1,-,2,14,Derby County FC,L,11/08/2025
Blackburn Rovers FC,A,19,2,-,1,16,Preston North End FC,W,11/21/2025
Blackburn Rovers FC,H,19,0,-,1,16,Queens Park Rangers FC,L,11/26/2025
Blackburn Rovers FC,A,20,1,-,1,17,Wrexham AFC,D,11/29/2025
Blackburn Rovers FC,H,21,1,-,1,18,Ipswich Town FC,D,12/02/2025
Blackburn Rovers FC,H,21,1,-,0,18,Sheffield Wednesday FC,,12/06/2025
Blackburn Rovers FC,H,22,1,-,1,19,Oxford United FC,D,12/09/2025
Blackburn Rovers FC,A,22,1,-,2,20,Portsmouth FC,L,12/13/2025
Blackburn Rovers FC,H,25,2,-,0,22,Millwall FC,W,12/20/2025
Blackburn Rovers FC,A,26,0,-,0,22,Middlesbrough FC,D,12/26/2025
Blackburn Rovers FC,A,27,0,-,0,22,Sheffield Wednesday FC,D,12/29/2025
Blackburn Rovers FC,H,27,0,-,2,22,Wrexham AFC,L,01/01/2026
Blackburn Rovers FC,H,28,2,-,2,24,Charlton Athletic FC,D,01/04/2026
Blackburn Rovers FC,A,28,-,-,-,24,Ipswich Town FC,,01/17/2026
Blackburn Rovers FC,A,28,-,-,-,24,Swansea City AFC,,01/20/2026
Blackburn Rovers FC,H,28,-,-,-,24,Watford FC,,01/24/2026
Blackburn Rovers FC,H,28,-,-,-,24,Hull City AFC,,01/31/2026
Blackburn Rovers FC,A,28,-,-,-,24,Norwich City FC,,02/07/2026
Blackburn Rovers FC,A,28,-,-,-,24,Queens Park Rangers FC,,02/14/2026
Blackburn Rovers FC,H,28,-,-,-,24,Preston North End FC,,02/20/2026
Blackburn Rovers FC,H,28,-,-,-,24,Bristol City FC,,02/24/2026
Blackburn Rovers FC,A,28,-,-,-,24,Derby County FC,,02/28/2026
Blackburn Rovers FC,H,28,-,-,-,24,Portsmouth FC,,03/07/2026
Blackburn Rovers FC,A,28,-,-,-,24,Oxford United FC,,03/11/2026
Blackburn Rovers FC,A,28,-,-,-,24,Millwall FC,,03/14/2026
Blackburn Rovers FC,H,28,-,-,-,24,Middlesbrough FC,,03/21/2026
Blackburn Rovers FC,A,28,-,-,-,24,Birmingham City FC,,04/03/2026
Blackburn Rovers FC,H,28,-,-,-,24,West Bromwich Albion FC,,04/06/2026
Blackburn Rovers FC,A,28,-,-,-,24,Stoke City FC,,04/11/2026
Blackburn Rovers FC,H,28,-,-,-,24,Coventry City FC,,04/18/2026
Blackburn Rovers FC,A,28,-,-,-,24,Sheffield United FC,,04/22/2026
Blackburn Rovers FC,A,28,-,-,-,24,Southampton FC,,04/25/2026
Blackburn Rovers FC,H,28,-,-,-,24,Leicester City FC,,05/02/2026
Bristol City FC,A,3,4,-,1,4,Sheffield United FC,W,08/09/2025
Bristol City FC,H,4,0,-,0,4,Charlton Athletic FC,D,08/16/2025
Bristol City FC,A,5,1,-,1,5,Derby County FC,D,08/22/2025
Bristol City FC,H,8,4,-,2,9,Hull City AFC,W,08/30/2025
Bristol City FC,A,11,3,-,0,12,Sheffield Wednesday FC,W,09/13/2025
Bristol City FC,H,11,1,-,3,13,Oxford United FC,L,09/21/2025
Bristol City FC,A,12,0,-,0,13,Preston North End FC,D,09/27/2025
Bristol City FC,H,13,1,-,1,14,Ipswich Town FC,D,09/30/2025
Bristol City FC,H,13,1,-,2,15,Queens Park Rangers FC,L,10/04/2025
Bristol City FC,A,16,1,-,0,16,Norwich City FC,W,10/18/2025
Bristol City FC,H,19,3,-,1,19,Southampton FC,W,10/21/2025
Bristol City FC,H,22,1,-,0,20,Birmingham City FC,W,10/25/2025
Bristol City FC,A,22,1,-,5,21,Stoke City FC,L,11/01/2025
Bristol City FC,H,22,0,-,1,21,Blackburn Rovers FC,L,11/04/2025
Bristol City FC,A,23,1,-,1,22,Watford FC,D,11/07/2025
Bristol City FC,H,26,3,-,0,25,Swansea City AFC,W,11/22/2025
Bristol City FC,A,26,0,-,2,25,Wrexham AFC,L,11/26/2025
Bristol City FC,A,29,1,-,0,26,Portsmouth FC,W,11/29/2025
Bristol City FC,H,29,0,-,1,26,Millwall FC,L,12/06/2025
Bristol City FC,H,30,2,-,2,28,Leicester City FC,D,12/10/2025
Bristol City FC,A,30,0,-,1,28,Coventry City FC,L,12/13/2025
Bristol City FC,H,33,2,-,0,30,Middlesbrough FC,W,12/20/2025
Bristol City FC,A,36,2,-,1,32,West Bromwich Albion FC,W,12/26/2025
Bristol City FC,A,36,1,-,2,33,Millwall FC,L,12/29/2025
Bristol City FC,H,39,5,-,0,38,Portsmouth FC,W,01/01/2026
Bristol City FC,H,39,0,-,2,38,Preston North End FC,L,01/04/2026
Bristol City FC,A,39,-,-,-,38,Oxford United FC,,01/17/2026
Bristol City FC,A,39,-,-,-,38,Ipswich Town FC,,01/20/2026
Bristol City FC,H,39,-,-,-,38,Sheffield Wednesday FC,,01/24/2026
Bristol City FC,H,39,-,-,-,38,Derby County FC,,01/30/2026
Bristol City FC,A,39,-,-,-,38,Hull City AFC,,02/07/2026
Bristol City FC,H,39,-,-,-,38,Wrexham AFC,,02/13/2026
Bristol City FC,A,39,-,-,-,38,Swansea City AFC,,02/21/2026
Bristol City FC,A,39,-,-,-,38,Blackburn Rovers FC,,02/24/2026
Bristol City FC,H,39,-,-,-,38,Watford FC,,02/27/2026
Bristol City FC,H,39,-,-,-,38,Coventry City FC,,03/07/2026
Bristol City FC,A,39,-,-,-,38,Leicester City FC,,03/10/2026
Bristol City FC,A,39,-,-,-,38,Middlesbrough FC,,03/14/2026
Bristol City FC,H,39,-,-,-,38,West Bromwich Albion FC,,03/21/2026
Bristol City FC,A,39,-,-,-,38,Charlton Athletic FC,,04/03/2026
Bristol City FC,H,39,-,-,-,38,Sheffield United FC,,04/06/2026
Bristol City FC,A,39,-,-,-,38,Queens Park Rangers FC,,04/11/2026
Bristol City FC,H,39,-,-,-,38,Norwich City FC,,04/18/2026
Bristol City FC,A,39,-,-,-,38,Southampton FC,,04/21/2026
Bristol City FC,A,39,-,-,-,38,Birmingham City FC,,04/25/2026
Bristol City FC,H,39,-,-,-,38,Stoke City FC,,05/02/2026
Charlton Athletic FC,H,3,1,-,0,1,Watford FC,W,08/09/2025
Charlton Athletic FC,A,4,0,-,0,1,Bristol City FC,D,08/16/2025
Charlton Athletic FC,H,4,0,-,1,1,Leicester City FC,L,08/23/2025
Charlton Athletic FC,A,4,1,-,3,2,Queens Park Rangers FC,L,08/30/2025
Charlton Athletic FC,H,5,1,-,1,3,Millwall FC,D,09/13/2025
Charlton Athletic FC,A,8,1,-,0,4,Sheffield United FC,W,09/20/2025
Charlton Athletic FC,H,11,3,-,0,7,Blackburn Rovers FC,W,09/27/2025
Charlton Athletic FC,A,12,1,-,1,8,Derby County FC,D,09/30/2025
Charlton Athletic FC,A,12,0,-,2,8,Preston North End FC,L,10/04/2025
Charlton Athletic FC,H,15,2,-,1,10,Sheffield Wednesday FC,W,10/18/2025
Charlton Athletic FC,A,18,3,-,0,13,Ipswich Town FC,W,10/21/2025
Charlton Athletic FC,A,19,1,-,1,14,Hull City AFC,D,10/25/2025
Charlton Athletic FC,H,20,1,-,1,15,Swansea City AFC,D,11/01/2025
Charlton Athletic FC,H,23,1,-,0,16,West Bromwich Albion FC,W,11/04/2025
Charlton Athletic FC,A,23,0,-,1,16,Wrexham AFC,L,11/08/2025
Charlton Athletic FC,H,23,1,-,5,17,Southampton FC,L,11/22/2025
Charlton Athletic FC,A,23,0,-,3,17,Stoke City FC,L,11/25/2025
Charlton Athletic FC,A,23,1,-,3,18,Coventry City FC,L,11/29/2025
Charlton Athletic FC,H,23,0,-,0,18,Portsmouth FC,,12/06/2025
Charlton Athletic FC,H,23,1,-,2,19,Middlesbrough FC,L,12/09/2025
Charlton Athletic FC,A,24,1,-,1,20,Birmingham City FC,D,12/13/2025
Charlton Athletic FC,H,27,1,-,0,21,Oxford United FC,W,12/20/2025
Charlton Athletic FC,A,27,0,-,1,21,Norwich City FC,L,12/26/2025
Charlton Athletic FC,A,27,1,-,2,22,Portsmouth FC,L,12/29/2025
Charlton Athletic FC,H,28,1,-,1,23,Coventry City FC,D,01/01/2026
Charlton Athletic FC,A,29,2,-,2,25,Blackburn Rovers FC,D,01/04/2026
Charlton Athletic FC,H,29,-,-,-,25,Sheffield United FC,,01/17/2026
Charlton Athletic FC,H,29,-,-,-,25,Derby County FC,,01/20/2026
Charlton Athletic FC,A,29,-,-,-,25,Millwall FC,,01/24/2026
Charlton Athletic FC,A,29,-,-,-,25,Leicester City FC,,01/31/2026
Charlton Athletic FC,H,29,-,-,-,25,Queens Park Rangers FC,,02/06/2026
Charlton Athletic FC,H,29,-,-,-,25,Stoke City FC,,02/14/2026
Charlton Athletic FC,A,29,-,-,-,25,Southampton FC,,02/21/2026
Charlton Athletic FC,A,29,-,-,-,25,West Bromwich Albion FC,,02/24/2026
Charlton Athletic FC,H,29,-,-,-,25,Wrexham AFC,,02/28/2026
Charlton Athletic FC,H,29,-,-,-,25,Birmingham City FC,,03/07/2026
Charlton Athletic FC,A,29,-,-,-,25,Middlesbrough FC,,03/11/2026
Charlton Athletic FC,A,29,-,-,-,25,Oxford United FC,,03/14/2026
Charlton Athletic FC,H,29,-,-,-,25,Norwich City FC,,03/21/2026
Charlton Athletic FC,H,29,-,-,-,25,Bristol City FC,,04/03/2026
Charlton Athletic FC,A,29,-,-,-,25,Watford FC,,04/06/2026
Charlton Athletic FC,H,29,-,-,-,25,Preston North End FC,,04/11/2026
Charlton Athletic FC,A,29,-,-,-,25,Sheffield Wednesday FC,,04/18/2026
Charlton Athletic FC,H,29,-,-,-,25,Ipswich Town FC,,04/22/2026
Charlton Athletic FC,H,29,-,-,-,25,Hull City AFC,,04/25/2026
Charlton Athletic FC,A,29,-,-,-,25,Swansea City AFC,,05/02/2026
Coventry City FC,H,1,0,-,0,0,Hull City AFC,D,08/09/2025
Coventry City FC,A,4,5,-,3,5,Derby County FC,W,08/16/2025
Coventry City FC,H,7,7,-,1,12,Queens Park Rangers FC,W,08/23/2025
Coventry City FC,A,8,2,-,2,14,Oxford United FC,D,08/30/2025
Coventry City FC,H,9,1,-,1,15,Norwich City FC,D,09/13/2025
Coventry City FC,A,10,0,-,0,15,Leicester City FC,D,09/20/2025
Coventry City FC,H,13,3,-,0,18,Birmingham City FC,W,09/27/2025
Coventry City FC,A,16,4,-,0,22,Millwall FC,W,10/01/2025
Coventry City FC,A,19,5,-,0,27,Sheffield Wednesday FC,W,10/04/2025
Coventry City FC,H,22,2,-,0,29,Blackburn Rovers FC,W,10/18/2025
Coventry City FC,A,25,2,-,1,31,Portsmouth FC,W,10/21/2025
Coventry City FC,H,28,3,-,1,34,Watford FC,W,10/25/2025
Coventry City FC,A,28,2,-,3,36,Wrexham AFC,L,10/31/2025
Coventry City FC,H,31,3,-,1,39,Sheffield United FC,W,11/04/2025
Coventry City FC,A,34,1,-,0,40,Stoke City FC,W,11/08/2025
Coventry City FC,H,37,3,-,2,43,West Bromwich Albion FC,W,11/22/2025
Coventry City FC,A,40,4,-,2,47,Middlesbrough FC,W,11/25/2025
Coventry City FC,H,43,3,-,1,50,Charlton Athletic FC,W,11/29/2025
Coventry City FC,A,43,0,-,3,50,Ipswich Town FC,L,12/06/2025
Coventry City FC,A,44,1,-,1,51,Preston North End FC,D,12/09/2025
Coventry City FC,H,47,1,-,0,52,Bristol City FC,W,12/13/2025
Coventry City FC,A,48,1,-,1,53,Southampton FC,D,12/20/2025
Coventry City FC,H,51,1,-,0,54,Swansea City AFC,W,12/26/2025
Coventry City FC,H,51,0,-,2,54,Ipswich Town FC,L,12/29/2025
Coventry City FC,A,52,1,-,1,55,Charlton Athletic FC,D,01/01/2026
Coventry City FC,A,52,2,-,3,57,Birmingham City FC,L,01/04/2026
Coventry City FC,H,52,-,-,-,57,Leicester City FC,,01/17/2026
Coventry City FC,H,52,-,-,-,57,Millwall FC,,01/20/2026
Coventry City FC,A,52,-,-,-,57,Norwich City FC,,01/26/2026
Coventry City FC,A,52,-,-,-,57,Queens Park Rangers FC,,01/31/2026
Coventry City FC,H,52,-,-,-,57,Oxford United FC,,02/07/2026
Coventry City FC,H,52,-,-,-,57,Middlesbrough FC,,02/16/2026
Coventry City FC,A,52,-,-,-,57,West Bromwich Albion FC,,02/21/2026
Coventry City FC,A,52,-,-,-,57,Sheffield United FC,,02/25/2026
Coventry City FC,H,52,-,-,-,57,Stoke City FC,,02/28/2026
Coventry City FC,A,52,-,-,-,57,Bristol City FC,,03/07/2026
Coventry City FC,H,52,-,-,-,57,Preston North End FC,,03/11/2026
Coventry City FC,H,52,-,-,-,57,Southampton FC,,03/14/2026
Coventry City FC,A,52,-,-,-,57,Swansea City AFC,,03/21/2026
Coventry City FC,H,52,-,-,-,57,Derby County FC,,04/03/2026
Coventry City FC,A,52,-,-,-,57,Hull City AFC,,04/06/2026
Coventry City FC,H,52,-,-,-,57,Sheffield Wednesday FC,,04/11/2026
Coventry City FC,A,52,-,-,-,57,Blackburn Rovers FC,,04/18/2026
Coventry City FC,H,52,-,-,-,57,Portsmouth FC,,04/21/2026
Coventry City FC,H,52,-,-,-,57,Wrexham AFC,,04/25/2026
Coventry City FC,A,52,-,-,-,57,Watford FC,,05/02/2026
Derby County FC,A,0,1,-,3,1,Stoke City FC,L,08/09/2025
Derby County FC,H,0,3,-,5,4,Coventry City FC,L,08/16/2025
Derby County FC,H,1,1,-,1,5,Bristol City FC,D,08/22/2025
Derby County FC,A,2,2,-,2,7,Ipswich Town FC,D,08/30/2025
Derby County FC,A,5,1,-,0,8,West Bromwich Albion FC,W,09/13/2025
Derby County FC,H,5,0,-,1,8,Preston North End FC,L,09/20/2025
Derby County FC,A,6,1,-,1,9,Wrexham AFC,D,09/27/2025
Derby County FC,H,7,1,-,1,10,Charlton Athletic FC,D,09/30/2025
Derby County FC,H,8,1,-,1,11,Southampton FC,D,10/04/2025
Derby County FC,A,8,0,-,1,11,Oxford United FC,L,10/18/2025
Derby County FC,H,11,1,-,0,12,Norwich City FC,W,10/21/2025
Derby County FC,H,14,1,-,0,13,Queens Park Rangers FC,W,10/25/2025
Derby County FC,A,17,3,-,1,16,Sheffield United FC,W,11/01/2025
Derby County FC,H,20,2,-,1,18,Hull City AFC,W,11/04/2025
Derby County FC,A,23,2,-,1,20,Blackburn Rovers FC,W,11/08/2025
Derby County FC,H,23,2,-,3,22,Watford FC,L,11/22/2025
Derby County FC,A,26,2,-,1,24,Swansea City AFC,W,11/25/2025
Derby County FC,A,26,1,-,2,25,Middlesbrough FC,L,11/29/2025
Derby County FC,H,26,1,-,3,26,Leicester City FC,L,12/06/2025
Derby County FC,H,27,1,-,1,27,Millwall FC,D,12/10/2025
Derby County FC,A,30,3,-,0,30,Sheffield Wednesday FC,W,12/15/2025
Derby County FC,H,31,1,-,1,31,Portsmouth FC,D,12/20/2025
Derby County FC,A,32,1,-,1,32,Birmingham City FC,D,12/26/2025
Derby County FC,A,32,1,-,2,33,Leicester City FC,L,12/29/2025
Derby County FC,H,35,1,-,0,34,Middlesbrough FC,W,01/01/2026
Derby County FC,H,35,1,-,2,35,Wrexham AFC,L,01/04/2026
Derby County FC,A,35,-,-,-,35,Preston North End FC,,01/17/2026
Derby County FC,A,35,-,-,-,35,Charlton Athletic FC,,01/20/2026
Derby County FC,H,35,-,-,-,35,West Bromwich Albion FC,,01/23/2026
Derby County FC,A,35,-,-,-,35,Bristol City FC,,01/30/2026
Derby County FC,H,35,-,-,-,35,Ipswich Town FC,,02/07/2026
Derby County FC,H,35,-,-,-,35,Swansea City AFC,,02/14/2026
Derby County FC,A,35,-,-,-,35,Watford FC,,02/21/2026
Derby County FC,A,35,-,-,-,35,Hull City AFC,,02/24/2026
Derby County FC,H,35,-,-,-,35,Blackburn Rovers FC,,02/28/2026
Derby County FC,H,35,-,-,-,35,Sheffield Wednesday FC,,03/07/2026
Derby County FC,A,35,-,-,-,35,Millwall FC,,03/10/2026
Derby County FC,A,35,-,-,-,35,Portsmouth FC,,03/14/2026
Derby County FC,H,35,-,-,-,35,Birmingham City FC,,03/21/2026
Derby County FC,A,35,-,-,-,35,Coventry City FC,,04/03/2026
Derby County FC,H,35,-,-,-,35,Stoke City FC,,04/06/2026
Derby County FC,A,35,-,-,-,35,Southampton FC,,04/11/2026
Derby County FC,H,35,-,-,-,35,Oxford United FC,,04/18/2026
Derby County FC,A,35,-,-,-,35,Norwich City FC,,04/21/2026
Derby County FC,A,35,-,-,-,35,Queens Park Rangers FC,,04/25/2026
Derby County FC,H,35,-,-,-,35,Sheffield United FC,,05/02/2026
Hull City AFC,A,1,0,-,0,0,Coventry City FC,D,08/09/2025
Hull City AFC,H,4,3,-,2,3,Oxford United FC,W,08/17/2025
Hull City AFC,H,4,0,-,3,3,Blackburn Rovers FC,L,08/23/2025
Hull City AFC,A,4,2,-,4,5,Bristol City FC,L,08/30/2025
Hull City AFC,A,5,2,-,2,7,Swansea City AFC,D,09/13/2025
Hull City AFC,H,8,3,-,1,10,Southampton FC,W,09/20/2025
Hull City AFC,A,8,1,-,2,11,Watford FC,L,09/27/2025
Hull City AFC,H,9,2,-,2,13,Preston North End FC,D,09/30/2025
Hull City AFC,H,12,1,-,0,14,Sheffield United FC,W,10/04/2025
Hull City AFC,A,15,3,-,2,17,Birmingham City FC,W,10/18/2025
Hull City AFC,H,18,2,-,1,19,Leicester City FC,W,10/21/2025
Hull City AFC,H,19,1,-,1,20,Charlton Athletic FC,D,10/25/2025
Hull City AFC,A,22,2,-,0,22,Norwich City FC,W,11/01/2025
Hull City AFC,A,22,1,-,2,23,Derby County FC,L,11/04/2025
Hull City AFC,H,25,3,-,2,26,Portsmouth FC,W,11/08/2025
Hull City AFC,A,25,2,-,3,28,Queens Park Rangers FC,L,11/22/2025
Hull City AFC,H,25,0,-,2,28,Ipswich Town FC,L,11/25/2025
Hull City AFC,A,28,2,-,1,30,Stoke City FC,W,11/29/2025
Hull City AFC,H,28,1,-,4,31,Middlesbrough FC,L,12/05/2025
Hull City AFC,H,31,2,-,0,33,Wrexham AFC,W,12/10/2025
Hull City AFC,A,34,3,-,1,36,Millwall FC,W,12/13/2025
Hull City AFC,H,37,1,-,0,37,West Bromwich Albion FC,W,12/20/2025
Hull City AFC,A,38,2,-,2,39,Sheffield Wednesday FC,D,12/26/2025
Hull City AFC,A,41,1,-,0,40,Middlesbrough FC,W,12/29/2025
Hull City AFC,H,41,0,-,1,40,Stoke City FC,L,01/01/2026
Hull City AFC,H,41,0,-,0,40,Watford FC,,01/04/2026
Hull City AFC,A,41,-,-,-,40,Southampton FC,,01/17/2026
Hull City AFC,A,41,-,-,-,40,Preston North End FC,,01/20/2026
Hull City AFC,H,41,-,-,-,40,Swansea City AFC,,01/24/2026
Hull City AFC,A,41,-,-,-,40,Blackburn Rovers FC,,01/31/2026
Hull City AFC,H,41,-,-,-,40,Bristol City FC,,02/07/2026
Hull City AFC,A,41,-,-,-,40,Ipswich Town FC,,02/14/2026
Hull City AFC,H,41,-,-,-,40,Queens Park Rangers FC,,02/21/2026
Hull City AFC,H,41,-,-,-,40,Derby County FC,,02/24/2026
Hull City AFC,A,41,-,-,-,40,Portsmouth FC,,02/28/2026
Hull City AFC,H,41,-,-,-,40,Millwall FC,,03/07/2026
Hull City AFC,A,41,-,-,-,40,Wrexham AFC,,03/10/2026
Hull City AFC,A,41,-,-,-,40,West Bromwich Albion FC,,03/14/2026
Hull City AFC,H,41,-,-,-,40,Sheffield Wednesday FC,,03/21/2026
Hull City AFC,A,41,-,-,-,40,Oxford United FC,,04/03/2026
Hull City AFC,H,41,-,-,-,40,Coventry City FC,,04/06/2026
Hull City AFC,A,41,-,-,-,40,Sheffield United FC,,04/11/2026
Hull City AFC,H,41,-,-,-,40,Birmingham City FC,,04/18/2026
Hull City AFC,A,41,-,-,-,40,Leicester City FC,,04/22/2026
Hull City AFC,A,41,-,-,-,40,Charlton Athletic FC,,04/25/2026
Hull City AFC,H,41,-,-,-,40,Norwich City FC,,05/02/2026
Ipswich Town FC,A,1,1,-,1,1,Birmingham City FC,D,08/08/2025
Ipswich Town FC,H,2,1,-,1,2,Southampton FC,D,08/17/2025
Ipswich Town FC,A,2,0,-,1,2,Preston North End FC,L,08/23/2025
Ipswich Town FC,H,3,2,-,2,4,Derby County FC,D,08/30/2025
Ipswich Town FC,H,6,5,-,0,9,Sheffield United FC,W,09/12/2025
Ipswich Town FC,H,9,2,-,1,11,Portsmouth FC,W,09/27/2025
Ipswich Town FC,A,10,1,-,1,12,Bristol City FC,D,09/30/2025
Ipswich Town FC,H,13,3,-,1,15,Norwich City FC,W,10/05/2025
Ipswich Town FC,A,13,1,-,2,16,Middlesbrough FC,L,10/17/2025
Ipswich Town FC,H,13,0,-,3,16,Charlton Athletic FC,L,10/21/2025
Ipswich Town FC,H,16,1,-,0,17,West Bromwich Albion FC,W,10/25/2025
Ipswich Town FC,A,19,4,-,1,21,Queens Park Rangers FC,W,11/01/2025
Ipswich Town FC,H,20,1,-,1,22,Watford FC,D,11/04/2025
Ipswich Town FC,A,23,4,-,1,26,Swansea City AFC,W,11/08/2025
Ipswich Town FC,H,24,0,-,0,26,Wrexham AFC,D,11/22/2025
Ipswich Town FC,A,27,2,-,0,28,Hull City AFC,W,11/25/2025
Ipswich Town FC,A,27,1,-,2,29,Oxford United FC,L,11/28/2025
Ipswich Town FC,A,28,1,-,1,30,Blackburn Rovers FC,D,12/02/2025
Ipswich Town FC,H,31,3,-,0,33,Coventry City FC,W,12/06/2025
Ipswich Town FC,H,34,1,-,0,34,Stoke City FC,W,12/10/2025
Ipswich Town FC,A,34,1,-,3,35,Leicester City FC,L,12/13/2025
Ipswich Town FC,H,37,3,-,1,38,Sheffield Wednesday FC,W,12/20/2025
Ipswich Town FC,A,38,0,-,0,38,Millwall FC,D,12/26/2025
Ipswich Town FC,A,41,2,-,0,40,Coventry City FC,W,12/29/2025
Ipswich Town FC,H,44,2,-,1,42,Oxford United FC,W,01/01/2026
Ipswich Town FC,H,44,-,-,-,42,Blackburn Rovers FC,,01/17/2026
Ipswich Town FC,H,44,-,-,-,42,Bristol City FC,,01/20/2026
Ipswich Town FC,A,44,-,-,-,42,Sheffield United FC,,01/24/2026
Ipswich Town FC,H,44,-,-,-,42,Preston North End FC,,01/31/2026
Ipswich Town FC,A,44,-,-,-,42,Portsmouth FC,,02/03/2026
Ipswich Town FC,A,44,-,-,-,42,Derby County FC,,02/07/2026
Ipswich Town FC,H,44,-,-,-,42,Hull City AFC,,02/14/2026
Ipswich Town FC,A,44,-,-,-,42,Wrexham AFC,,02/21/2026
Ipswich Town FC,A,44,-,-,-,42,Watford FC,,02/24/2026
Ipswich Town FC,H,44,-,-,-,42,Swansea City AFC,,02/28/2026
Ipswich Town FC,H,44,-,-,-,42,Leicester City FC,,03/07/2026
Ipswich Town FC,A,44,-,-,-,42,Stoke City FC,,03/10/2026
Ipswich Town FC,A,44,-,-,-,42,Sheffield Wednesday FC,,03/14/2026
Ipswich Town FC,H,44,-,-,-,42,Millwall FC,,03/21/2026
Ipswich Town FC,A,44,-,-,-,42,Southampton FC,,04/03/2026
Ipswich Town FC,H,44,-,-,-,42,Birmingham City FC,,04/06/2026
Ipswich Town FC,A,44,-,-,-,42,Norwich City FC,,04/11/2026
Ipswich Town FC,H,44,-,-,-,42,Middlesbrough FC,,04/18/2026
Ipswich Town FC,A,44,-,-,-,42,Charlton Athletic FC,,04/22/2026
Ipswich Town FC,A,44,-,-,-,42,West Bromwich Albion FC,,04/25/2026
Ipswich Town FC,H,44,-,-,-,42,Queens Park Rangers FC,,05/02/2026
Leicester City FC,H,3,2,-,1,2,Sheffield Wednesday FC,W,08/10/2025
Leicester City FC,A,3,1,-,2,3,Preston North End FC,L,08/16/2025
Leicester City FC,A,6,1,-,0,4,Charlton Athletic FC,W,08/23/2025
Leicester City FC,H,9,2,-,0,6,Birmingham City FC,W,08/29/2025
Leicester City FC,A,10,2,-,2,8,Oxford United FC,D,09/13/2025
Leicester City FC,H,11,0,-,0,8,Coventry City FC,D,09/20/2025
Leicester City FC,A,12,1,-,1,9,West Bromwich Albion FC,D,09/26/2025
Leicester City FC,H,13,1,-,1,10,Wrexham AFC,D,09/30/2025
Leicester City FC,A,16,3,-,1,13,Swansea City AFC,W,10/04/2025
Leicester City FC,H,17,1,-,1,14,Portsmouth FC,D,10/18/2025
Leicester City FC,A,17,1,-,2,15,Hull City AFC,L,10/21/2025
Leicester City FC,A,17,0,-,1,15,Millwall FC,L,10/25/2025
Leicester City FC,H,17,0,-,2,15,Blackburn Rovers FC,L,11/01/2025
Leicester City FC,H,18,1,-,1,16,Middlesbrough FC,D,11/04/2025
Leicester City FC,A,21,2,-,1,18,Norwich City FC,W,11/08/2025
Leicester City FC,H,24,2,-,1,20,Stoke City FC,W,11/22/2025
Leicester City FC,A,24,0,-,3,20,Southampton FC,L,11/25/2025
Leicester City FC,H,24,2,-,3,22,Sheffield United FC,L,11/29/2025
Leicester City FC,A,27,3,-,1,25,Derby County FC,W,12/06/2025
Leicester City FC,A,28,2,-,2,27,Bristol City FC,D,12/10/2025
Leicester City FC,H,31,3,-,1,30,Ipswich Town FC,W,12/13/2025
Leicester City FC,A,31,1,-,4,31,Queens Park Rangers FC,L,12/20/2025
Leicester City FC,H,31,1,-,2,32,Watford FC,L,12/26/2025
Leicester City FC,H,34,2,-,1,34,Derby County FC,W,12/29/2025
Leicester City FC,A,34,1,-,3,35,Sheffield United FC,L,01/01/2026
Leicester City FC,H,37,2,-,1,37,West Bromwich Albion FC,W,01/05/2026
Leicester City FC,A,37,-,-,-,37,Coventry City FC,,01/17/2026
Leicester City FC,A,37,-,-,-,37,Wrexham AFC,,01/20/2026
Leicester City FC,H,37,-,-,-,37,Oxford United FC,,01/24/2026
Leicester City FC,H,37,-,-,-,37,Charlton Athletic FC,,01/31/2026
Leicester City FC,A,37,-,-,-,37,Birmingham City FC,,02/07/2026
Leicester City FC,H,37,-,-,-,37,Southampton FC,,02/14/2026
Leicester City FC,A,37,-,-,-,37,Stoke City FC,,02/21/2026
Leicester City FC,A,37,-,-,-,37,Middlesbrough FC,,02/24/2026
Leicester City FC,H,37,-,-,-,37,Norwich City FC,,02/28/2026
Leicester City FC,A,37,-,-,-,37,Ipswich Town FC,,03/07/2026
Leicester City FC,H,37,-,-,-,37,Bristol City FC,,03/10/2026
Leicester City FC,H,37,-,-,-,37,Queens Park Rangers FC,,03/14/2026
Leicester City FC,A,37,-,-,-,37,Watford FC,,03/21/2026
Leicester City FC,H,37,-,-,-,37,Preston North End FC,,04/03/2026
Leicester City FC,A,37,-,-,-,37,Sheffield Wednesday FC,,04/06/2026
Leicester City FC,H,37,-,-,-,37,Swansea City AFC,,04/11/2026
Leicester City FC,A,37,-,-,-,37,Portsmouth FC,,04/18/2026
Leicester City FC,H,37,-,-,-,37,Hull City AFC,,04/22/2026
Leicester City FC,H,37,-,-,-,37,Millwall FC,,04/25/2026
Leicester City FC,A,37,-,-,-,37,Blackburn Rovers FC,,05/02/2026
Middlesbrough FC,H,3,1,-,0,1,Swansea City AFC,W,08/09/2025
Middlesbrough FC,A,6,3,-,0,4,Millwall FC,W,08/16/2025
Middlesbrough FC,A,9,2,-,1,6,Norwich City FC,W,08/23/2025
Middlesbrough FC,H,12,1,-,0,7,Sheffield United FC,W,08/30/2025
Middlesbrough FC,A,13,2,-,2,9,Preston North End FC,D,09/13/2025
Middlesbrough FC,H,16,2,-,1,11,West Bromwich Albion FC,W,09/19/2025
Middlesbrough FC,A,17,1,-,1,12,Southampton FC,D,09/27/2025
Middlesbrough FC,H,18,0,-,0,12,Stoke City FC,D,09/30/2025
Middlesbrough FC,A,18,0,-,1,12,Portsmouth FC,L,10/04/2025
Middlesbrough FC,H,21,2,-,1,14,Ipswich Town FC,W,10/17/2025
Middlesbrough FC,A,24,1,-,0,15,Sheffield Wednesday FC,W,10/22/2025
Middlesbrough FC,H,25,1,-,1,16,Wrexham AFC,D,10/25/2025
Middlesbrough FC,A,25,0,-,3,16,Watford FC,L,11/01/2025
Middlesbrough FC,A,26,1,-,1,17,Leicester City FC,D,11/04/2025
Middlesbrough FC,H,29,2,-,1,19,Birmingham City FC,W,11/08/2025
Middlesbrough FC,A,30,1,-,1,20,Oxford United FC,D,11/22/2025
Middlesbrough FC,H,30,2,-,4,22,Coventry City FC,L,11/25/2025
Middlesbrough FC,H,33,2,-,1,24,Derby County FC,W,11/29/2025
Middlesbrough FC,A,36,4,-,1,28,Hull City AFC,W,12/05/2025
Middlesbrough FC,A,39,2,-,1,30,Charlton Athletic FC,W,12/09/2025
Middlesbrough FC,H,42,3,-,1,33,Queens Park Rangers FC,W,12/13/2025
Middlesbrough FC,A,42,0,-,2,33,Bristol City FC,L,12/20/2025
Middlesbrough FC,H,43,0,-,0,33,Blackburn Rovers FC,D,12/26/2025
Middlesbrough FC,H,43,0,-,1,33,Hull City AFC,L,12/29/2025
Middlesbrough FC,A,43,0,-,1,33,Derby County FC,L,01/01/2026
Middlesbrough FC,H,46,4,-,0,37,Southampton FC,W,01/04/2026
Middlesbrough FC,A,46,-,-,-,37,West Bromwich Albion FC,,01/16/2026
Middlesbrough FC,A,46,-,-,-,37,Stoke City FC,,01/21/2026
Middlesbrough FC,H,46,-,-,-,37,Preston North End FC,,01/24/2026
Middlesbrough FC,H,46,-,-,-,37,Norwich City FC,,01/31/2026
Middlesbrough FC,A,46,-,-,-,37,Sheffield United FC,,02/09/2026
Middlesbrough FC,A,46,-,-,-,37,Coventry City FC,,02/16/2026
Middlesbrough FC,H,46,-,-,-,37,Oxford United FC,,02/21/2026
Middlesbrough FC,H,46,-,-,-,37,Leicester City FC,,02/24/2026
Middlesbrough FC,A,46,-,-,-,37,Birmingham City FC,,03/02/2026
Middlesbrough FC,A,46,-,-,-,37,Queens Park Rangers FC,,03/07/2026
Middlesbrough FC,H,46,-,-,-,37,Charlton Athletic FC,,03/11/2026
Middlesbrough FC,H,46,-,-,-,37,Bristol City FC,,03/14/2026
Middlesbrough FC,A,46,-,-,-,37,Blackburn Rovers FC,,03/21/2026
Middlesbrough FC,H,46,-,-,-,37,Millwall FC,,04/03/2026
Middlesbrough FC,A,46,-,-,-,37,Swansea City AFC,,04/06/2026
Middlesbrough FC,H,46,-,-,-,37,Portsmouth FC,,04/11/2026
Middlesbrough FC,A,46,-,-,-,37,Ipswich Town FC,,04/18/2026
Middlesbrough FC,H,46,-,-,-,37,Sheffield Wednesday FC,,04/21/2026
Middlesbrough FC,H,46,-,-,-,37,Watford FC,,04/25/2026
Middlesbrough FC,A,46,-,-,-,37,Wrexham AFC,,05/02/2026
Millwall FC,A,3,2,-,1,2,Norwich City FC,W,08/09/2025
Millwall FC,H,3,0,-,3,2,Middlesbrough FC,L,08/16/2025
Millwall FC,A,6,1,-,0,3,Sheffield United FC,W,08/23/2025
Millwall FC,H,6,0,-,2,3,Wrexham AFC,L,08/30/2025
Millwall FC,A,7,1,-,1,4,Charlton Athletic FC,D,09/13/2025
Millwall FC,H,10,1,-,0,5,Watford FC,W,09/22/2025
Millwall FC,A,11,1,-,1,6,Swansea City AFC,D,09/27/2025
Millwall FC,H,11,0,-,4,6,Coventry City FC,L,10/01/2025
Millwall FC,H,14,3,-,0,9,West Bromwich Albion FC,W,10/04/2025
Millwall FC,A,17,2,-,1,11,Queens Park Rangers FC,W,10/18/2025
Millwall FC,H,20,2,-,0,13,Stoke City FC,W,10/21/2025
Millwall FC,H,23,1,-,0,14,Leicester City FC,W,10/25/2025
Millwall FC,A,24,2,-,2,16,Oxford United FC,D,11/01/2025
Millwall FC,A,24,0,-,4,16,Birmingham City FC,L,11/04/2025
Millwall FC,H,25,1,-,1,17,Preston North End FC,D,11/08/2025
Millwall FC,A,25,1,-,3,18,Portsmouth FC,L,11/22/2025
Millwall FC,H,28,1,-,0,19,Sheffield Wednesday FC,W,11/26/2025
Millwall FC,H,31,3,-,2,22,Southampton FC,W,11/29/2025
Millwall FC,A,34,1,-,0,23,Bristol City FC,W,12/06/2025
Millwall FC,A,35,1,-,1,24,Derby County FC,D,12/10/2025
Millwall FC,H,35,1,-,3,25,Hull City AFC,L,12/13/2025
Millwall FC,A,35,0,-,2,25,Blackburn Rovers FC,L,12/20/2025
Millwall FC,H,36,0,-,0,25,Ipswich Town FC,D,12/26/2025
Millwall FC,H,39,2,-,1,27,Bristol City FC,W,12/29/2025
Millwall FC,A,40,0,-,0,27,Southampton FC,D,01/01/2026
Millwall FC,H,43,2,-,1,29,Swansea City AFC,W,01/04/2026
Millwall FC,A,43,-,-,-,29,Watford FC,,01/17/2026
Millwall FC,A,43,-,-,-,29,Coventry City FC,,01/20/2026
Millwall FC,H,43,-,-,-,29,Charlton Athletic FC,,01/24/2026
Millwall FC,H,43,-,-,-,29,Sheffield United FC,,01/31/2026
Millwall FC,A,43,-,-,-,29,Wrexham AFC,,02/07/2026
Millwall FC,A,43,-,-,-,29,Sheffield Wednesday FC,,02/14/2026
Millwall FC,H,43,-,-,-,29,Portsmouth FC,,02/21/2026
Millwall FC,H,43,-,-,-,29,Birmingham City FC,,02/25/2026
Millwall FC,A,43,-,-,-,29,Preston North End FC,,02/28/2026
Millwall FC,A,43,-,-,-,29,Hull City AFC,,03/07/2026
Millwall FC,H,43,-,-,-,29,Derby County FC,,03/10/2026
Millwall FC,H,43,-,-,-,29,Blackburn Rovers FC,,03/14/2026
Millwall FC,A,43,-,-,-,29,Ipswich Town FC,,03/21/2026
Millwall FC,A,43,-,-,-,29,Middlesbrough FC,,04/03/2026
Millwall FC,H,43,-,-,-,29,Norwich City FC,,04/06/2026
Millwall FC,A,43,-,-,-,29,West Bromwich Albion FC,,04/11/2026
Millwall FC,H,43,-,-,-,29,Queens Park Rangers FC,,04/18/2026
Millwall FC,A,43,-,-,-,29,Stoke City FC,,04/21/2026
Millwall FC,A,43,-,-,-,29,Leicester City FC,,04/25/2026
Millwall FC,H,43,-,-,-,29,Oxford United FC,,05/02/2026
Norwich City FC,H,0,1,-,2,1,Millwall FC,L,08/09/2025
Norwich City FC,A,3,2,-,1,3,Portsmouth FC,W,08/16/2025
Norwich City FC,H,3,1,-,2,4,Middlesbrough FC,L,08/23/2025
Norwich City FC,A,6,2,-,0,6,Blackburn Rovers FC,W,08/30/2025
Norwich City FC,A,7,1,-,1,7,Coventry City FC,D,09/13/2025
Norwich City FC,H,7,2,-,3,9,Wrexham AFC,L,09/20/2025
Norwich City FC,A,8,1,-,1,10,Stoke City FC,D,09/27/2025
Norwich City FC,H,8,0,-,1,10,West Bromwich Albion FC,L,10/01/2025
Norwich City FC,A,8,1,-,3,11,Ipswich Town FC,L,10/05/2025
Norwich City FC,H,8,0,-,1,11,Bristol City FC,L,10/18/2025
Norwich City FC,A,8,0,-,1,11,Derby County FC,L,10/21/2025
Norwich City FC,A,8,1,-,2,12,Swansea City AFC,L,10/25/2025
Norwich City FC,H,8,0,-,2,12,Hull City AFC,L,11/01/2025
Norwich City FC,A,9,1,-,1,13,Sheffield Wednesday FC,D,11/05/2025
Norwich City FC,H,9,1,-,2,14,Leicester City FC,L,11/08/2025
Norwich City FC,A,9,1,-,4,15,Birmingham City FC,L,11/22/2025
Norwich City FC,H,10,1,-,1,16,Oxford United FC,D,11/25/2025
Norwich City FC,H,13,3,-,1,19,Queens Park Rangers FC,W,11/29/2025
Norwich City FC,A,13,2,-,3,21,Watford FC,L,12/06/2025
Norwich City FC,A,14,1,-,1,22,Sheffield United FC,D,12/09/2025
Norwich City FC,H,17,2,-,1,24,Southampton FC,W,12/13/2025
Norwich City FC,A,18,1,-,1,25,Preston North End FC,D,12/20/2025
Norwich City FC,H,21,1,-,0,26,Charlton Athletic FC,W,12/26/2025
Norwich City FC,H,21,0,-,1,26,Watford FC,L,12/29/2025
Norwich City FC,A,24,2,-,1,28,Queens Park Rangers FC,W,01/01/2026
Norwich City FC,H,24,0,-,2,28,Stoke City FC,L,01/04/2026
Norwich City FC,A,24,-,-,-,28,Wrexham AFC,,01/17/2026
Norwich City FC,A,24,-,-,-,28,West Bromwich Albion FC,,01/20/2026
Norwich City FC,H,24,-,-,-,28,Coventry City FC,,01/26/2026
Norwich City FC,A,24,-,-,-,28,Middlesbrough FC,,01/31/2026
Norwich City FC,H,24,-,-,-,28,Blackburn Rovers FC,,02/07/2026
Norwich City FC,A,24,-,-,-,28,Oxford United FC,,02/14/2026
Norwich City FC,H,24,-,-,-,28,Birmingham City FC,,02/21/2026
Norwich City FC,H,24,-,-,-,28,Sheffield Wednesday FC,,02/25/2026
Norwich City FC,A,24,-,-,-,28,Leicester City FC,,02/28/2026
Norwich City FC,A,24,-,-,-,28,Southampton FC,,03/07/2026
Norwich City FC,H,24,-,-,-,28,Sheffield United FC,,03/10/2026
Norwich City FC,H,24,-,-,-,28,Preston North End FC,,03/14/2026
Norwich City FC,A,24,-,-,-,28,Charlton Athletic FC,,03/21/2026
Norwich City FC,H,24,-,-,-,28,Portsmouth FC,,04/03/2026
Norwich City FC,A,24,-,-,-,28,Millwall FC,,04/06/2026
Norwich City FC,H,24,-,-,-,28,Ipswich Town FC,,04/11/2026
Norwich City FC,A,24,-,-,-,28,Bristol City FC,,04/18/2026
Norwich City FC,H,24,-,-,-,28,Derby County FC,,04/21/2026
Norwich City FC,H,24,-,-,-,28,Swansea City AFC,,04/25/2026
Norwich City FC,A,24,-,-,-,28,Hull City AFC,,05/02/2026
Oxford United FC,H,0,0,-,1,0,Portsmouth FC,L,08/09/2025
Oxford United FC,A,0,2,-,3,2,Hull City AFC,L,08/17/2025
Oxford United FC,A,0,0,-,1,2,Birmingham City FC,L,08/23/2025
Oxford United FC,H,1,2,-,2,4,Coventry City FC,D,08/30/2025
Oxford United FC,H,2,2,-,2,6,Leicester City FC,D,09/13/2025
Oxford United FC,A,5,3,-,1,9,Bristol City FC,W,09/21/2025
Oxford United FC,H,5,0,-,1,9,Sheffield United FC,L,09/27/2025
Oxford United FC,A,6,0,-,0,9,Queens Park Rangers FC,D,10/01/2025
Oxford United FC,A,6,1,-,2,10,Watford FC,L,10/04/2025
Oxford United FC,H,9,1,-,0,11,Derby County FC,W,10/18/2025
Oxford United FC,A,9,0,-,1,11,Wrexham AFC,L,10/22/2025
Oxford United FC,A,12,2,-,1,13,Sheffield Wednesday FC,W,10/25/2025
Oxford United FC,H,13,2,-,2,15,Millwall FC,D,11/01/2025
Oxford United FC,H,13,0,-,3,15,Stoke City FC,L,11/04/2025
Oxford United FC,A,13,1,-,2,16,West Bromwich Albion FC,L,11/08/2025
Oxford United FC,H,14,1,-,1,17,Middlesbrough FC,D,11/22/2025
Oxford United FC,A,15,1,-,1,18,Norwich City FC,D,11/25/2025
Oxford United FC,H,18,2,-,1,20,Ipswich Town FC,W,11/28/2025
Oxford United FC,A,18,0,-,2,20,Swansea City AFC,L,12/06/2025
Oxford United FC,A,19,1,-,1,21,Blackburn Rovers FC,D,12/09/2025
Oxford United FC,H,19,1,-,2,22,Preston North End FC,L,12/13/2025
Oxford United FC,A,19,0,-,1,22,Charlton Athletic FC,L,12/20/2025
Oxford United FC,H,22,2,-,1,24,Southampton FC,W,12/26/2025
Oxford United FC,H,22,0,-,1,24,Swansea City AFC,L,12/29/2025
Oxford United FC,A,22,1,-,2,25,Ipswich Town FC,L,01/01/2026
Oxford United FC,A,22,0,-,0,25,Sheffield United FC,,01/04/2026
Oxford United FC,H,22,-,-,-,25,Bristol City FC,,01/17/2026
Oxford United FC,H,22,-,-,-,25,Queens Park Rangers FC,,01/20/2026
Oxford United FC,A,22,-,-,-,25,Leicester City FC,,01/24/2026
Oxford United FC,H,22,-,-,-,25,Birmingham City FC,,01/31/2026
Oxford United FC,A,22,-,-,-,25,Coventry City FC,,02/07/2026
Oxford United FC,H,22,-,-,-,25,Norwich City FC,,02/14/2026
Oxford United FC,A,22,-,-,-,25,Middlesbrough FC,,02/21/2026
Oxford United FC,A,22,-,-,-,25,Stoke City FC,,02/25/2026
Oxford United FC,H,22,-,-,-,25,West Bromwich Albion FC,,02/28/2026
Oxford United FC,A,22,-,-,-,25,Preston North End FC,,03/07/2026
Oxford United FC,H,22,-,-,-,25,Blackburn Rovers FC,,03/11/2026
Oxford United FC,H,22,-,-,-,25,Charlton Athletic FC,,03/14/2026
Oxford United FC,A,22,-,-,-,25,Southampton FC,,03/21/2026
Oxford United FC,H,22,-,-,-,25,Hull City AFC,,04/03/2026
Oxford United FC,A,22,-,-,-,25,Portsmouth FC,,04/06/2026
Oxford United FC,H,22,-,-,-,25,Watford FC,,04/11/2026
Oxford United FC,A,22,-,-,-,25,Derby County FC,,04/18/2026
Oxford United FC,H,22,-,-,-,25,Wrexham AFC,,04/21/2026
Oxford United FC,H,22,-,-,-,25,Sheffield Wednesday FC,,04/25/2026
Oxford United FC,A,22,-,-,-,25,Millwall FC,,05/02/2026
Portsmouth FC,A,3,1,-,0,1,Oxford United FC,W,08/09/2025
Portsmouth FC,H,3,1,-,2,2,Norwich City FC,L,08/16/2025
Portsmouth FC,A,4,1,-,1,3,West Bromwich Albion FC,D,08/23/2025
Portsmouth FC,H,7,1,-,0,4,Preston North End FC,W,08/30/2025
Portsmouth FC,A,8,0,-,0,4,Southampton FC,D,09/14/2025
Portsmouth FC,H,8,0,-,2,4,Sheffield Wednesday FC,L,09/20/2025
Portsmouth FC,A,8,1,-,2,5,Ipswich Town FC,L,09/27/2025
Portsmouth FC,H,9,2,-,2,7,Watford FC,D,10/01/2025
Portsmouth FC,H,12,1,-,0,8,Middlesbrough FC,W,10/04/2025
Portsmouth FC,A,13,1,-,1,9,Leicester City FC,D,10/18/2025
Portsmouth FC,H,13,1,-,2,10,Coventry City FC,L,10/21/2025
Portsmouth FC,H,13,0,-,1,10,Stoke City FC,L,10/25/2025
Portsmouth FC,A,13,0,-,4,10,Birmingham City FC,L,11/01/2025
Portsmouth FC,H,14,0,-,0,10,Wrexham AFC,D,11/05/2025
Portsmouth FC,A,14,2,-,3,12,Hull City AFC,L,11/08/2025
Portsmouth FC,H,17,3,-,1,15,Millwall FC,W,11/22/2025
Portsmouth FC,A,17,0,-,3,15,Sheffield United FC,L,11/26/2025
Portsmouth FC,H,17,0,-,1,15,Bristol City FC,L,11/29/2025
Portsmouth FC,A,17,0,-,0,15,Charlton Athletic FC,,12/06/2025
Portsmouth FC,A,17,0,-,1,15,Swansea City AFC,L,12/09/2025
Portsmouth FC,H,20,2,-,1,17,Blackburn Rovers FC,W,12/13/2025
Portsmouth FC,A,21,1,-,1,18,Derby County FC,D,12/20/2025
Portsmouth FC,H,22,1,-,1,19,Queens Park Rangers FC,D,12/26/2025
Portsmouth FC,H,25,2,-,1,21,Charlton Athletic FC,W,12/29/2025
Portsmouth FC,A,25,0,-,5,21,Bristol City FC,L,01/01/2026
Portsmouth FC,A,25,-,-,-,21,Sheffield Wednesday FC,,01/17/2026
Portsmouth FC,A,25,-,-,-,21,Watford FC,,01/21/2026
Portsmouth FC,H,25,-,-,-,21,Southampton FC,,01/25/2026
Portsmouth FC,H,25,-,-,-,21,West Bromwich Albion FC,,01/31/2026
Portsmouth FC,H,25,-,-,-,21,Ipswich Town FC,,02/03/2026
Portsmouth FC,A,25,-,-,-,21,Preston North End FC,,02/07/2026
Portsmouth FC,H,25,-,-,-,21,Sheffield United FC,,02/14/2026
Portsmouth FC,A,25,-,-,-,21,Millwall FC,,02/21/2026
Portsmouth FC,A,25,-,-,-,21,Wrexham AFC,,02/24/2026
Portsmouth FC,H,25,-,-,-,21,Hull City AFC,,02/28/2026
Portsmouth FC,A,25,-,-,-,21,Blackburn Rovers FC,,03/07/2026
Portsmouth FC,H,25,-,-,-,21,Swansea City AFC,,03/10/2026
Portsmouth FC,H,25,-,-,-,21,Derby County FC,,03/14/2026
Portsmouth FC,A,25,-,-,-,21,Queens Park Rangers FC,,03/21/2026
Portsmouth FC,A,25,-,-,-,21,Norwich City FC,,04/03/2026
Portsmouth FC,H,25,-,-,-,21,Oxford United FC,,04/06/2026
Portsmouth FC,A,25,-,-,-,21,Middlesbrough FC,,04/11/2026
Portsmouth FC,H,25,-,-,-,21,Leicester City FC,,04/18/2026
Portsmouth FC,A,25,-,-,-,21,Coventry City FC,,04/21/2026
Portsmouth FC,A,25,-,-,-,21,Stoke City FC,,04/25/2026
Portsmouth FC,H,25,-,-,-,21,Birmingham City FC,,05/02/2026
Preston North End FC,A,1,1,-,1,1,Queens Park Rangers FC,D,08/09/2025
Preston North End FC,H,4,2,-,1,3,Leicester City FC,W,08/16/2025
Preston North End FC,H,7,1,-,0,4,Ipswich Town FC,W,08/23/2025
Preston North End FC,A,7,0,-,1,4,Portsmouth FC,L,08/30/2025
Preston North End FC,H,8,2,-,2,6,Middlesbrough FC,D,09/13/2025
Preston North End FC,A,11,1,-,0,7,Derby County FC,W,09/20/2025
Preston North End FC,H,12,0,-,0,7,Bristol City FC,D,09/27/2025
Preston North End FC,A,13,2,-,2,9,Hull City AFC,D,09/30/2025
Preston North End FC,H,16,2,-,0,11,Charlton Athletic FC,W,10/04/2025
Preston North End FC,A,16,1,-,2,12,West Bromwich Albion FC,L,10/18/2025
Preston North End FC,H,16,0,-,1,12,Birmingham City FC,L,10/21/2025
Preston North End FC,H,19,3,-,2,15,Sheffield United FC,W,10/24/2025
Preston North End FC,A,22,2,-,0,17,Southampton FC,W,11/01/2025
Preston North End FC,H,25,2,-,1,19,Swansea City AFC,W,11/05/2025
Preston North End FC,A,26,1,-,1,20,Millwall FC,D,11/08/2025
Preston North End FC,H,26,1,-,2,21,Blackburn Rovers FC,L,11/21/2025
Preston North End FC,A,27,1,-,1,22,Watford FC,D,11/25/2025
Preston North End FC,A,30,3,-,2,25,Sheffield Wednesday FC,W,11/29/2025
Preston North End FC,H,31,1,-,1,26,Wrexham AFC,D,12/06/2025
Preston North End FC,H,32,1,-,1,27,Coventry City FC,D,12/09/2025
Preston North End FC,A,35,2,-,1,29,Oxford United FC,W,12/13/2025
Preston North End FC,H,36,1,-,1,30,Norwich City FC,D,12/20/2025
Preston North End FC,A,37,0,-,0,30,Stoke City FC,D,12/26/2025
Preston North End FC,A,37,1,-,2,31,Wrexham AFC,L,12/29/2025
Preston North End FC,H,40,3,-,0,34,Sheffield Wednesday FC,W,01/01/2026
Preston North End FC,A,43,2,-,0,36,Bristol City FC,W,01/04/2026
Preston North End FC,H,43,-,-,-,36,Derby County FC,,01/17/2026
Preston North End FC,H,43,-,-,-,36,Hull City AFC,,01/20/2026
Preston North End FC,A,43,-,-,-,36,Middlesbrough FC,,01/24/2026
Preston North End FC,A,43,-,-,-,36,Ipswich Town FC,,01/31/2026
Preston North End FC,H,43,-,-,-,36,Portsmouth FC,,02/07/2026
Preston North End FC,H,43,-,-,-,36,Watford FC,,02/14/2026
Preston North End FC,A,43,-,-,-,36,Blackburn Rovers FC,,02/20/2026
Preston North End FC,A,43,-,-,-,36,Swansea City AFC,,02/24/2026
Preston North End FC,H,43,-,-,-,36,Millwall FC,,02/28/2026
Preston North End FC,H,43,-,-,-,36,Oxford United FC,,03/07/2026
Preston North End FC,A,43,-,-,-,36,Coventry City FC,,03/11/2026
Preston North End FC,A,43,-,-,-,36,Norwich City FC,,03/14/2026
Preston North End FC,H,43,-,-,-,36,Stoke City FC,,03/21/2026
Preston North End FC,A,43,-,-,-,36,Leicester City FC,,04/03/2026
Preston North End FC,H,43,-,-,-,36,Queens Park Rangers FC,,04/06/2026
Preston North End FC,A,43,-,-,-,36,Charlton Athletic FC,,04/11/2026
Preston North End FC,H,43,-,-,-,36,West Bromwich Albion FC,,04/18/2026
Preston North End FC,A,43,-,-,-,36,Birmingham City FC,,04/22/2026
Preston North End FC,A,43,-,-,-,36,Sheffield United FC,,04/25/2026
Preston North End FC,H,43,-,-,-,36,Southampton FC,,05/02/2026
Queens Park Rangers FC,H,1,1,-,1,1,Preston North End FC,D,08/09/2025
Queens Park Rangers FC,A,1,1,-,2,2,Watford FC,L,08/16/2025
Queens Park Rangers FC,A,1,1,-,7,3,Coventry City FC,L,08/23/2025
Queens Park Rangers FC,H,4,3,-,1,6,Charlton Athletic FC,W,08/30/2025
Queens Park Rangers FC,A,7,3,-,1,9,Wrexham AFC,W,09/13/2025
Queens Park Rangers FC,H,10,1,-,0,10,Stoke City FC,W,09/20/2025
Queens Park Rangers FC,A,11,1,-,1,11,Sheffield Wednesday FC,D,09/27/2025
Queens Park Rangers FC,H,12,0,-,0,11,Oxford United FC,D,10/01/2025
Queens Park Rangers FC,A,15,2,-,1,13,Bristol City FC,W,10/04/2025
Queens Park Rangers FC,H,15,1,-,2,14,Millwall FC,L,10/18/2025
Queens Park Rangers FC,A,18,1,-,0,15,Swansea City AFC,W,10/22/2025
Queens Park Rangers FC,A,18,0,-,1,15,Derby County FC,L,10/25/2025
Queens Park Rangers FC,H,18,1,-,4,16,Ipswich Town FC,L,11/01/2025
Queens Park Rangers FC,H,18,1,-,2,17,Southampton FC,L,11/05/2025
Queens Park Rangers FC,A,19,0,-,0,17,Sheffield United FC,D,11/08/2025
Queens Park Rangers FC,H,22,3,-,2,20,Hull City AFC,W,11/22/2025
Queens Park Rangers FC,A,25,1,-,0,21,Blackburn Rovers FC,W,11/26/2025
Queens Park Rangers FC,A,25,1,-,3,22,Norwich City FC,L,11/29/2025
Queens Park Rangers FC,H,28,3,-,1,25,West Bromwich Albion FC,W,12/06/2025
Queens Park Rangers FC,H,31,2,-,1,27,Birmingham City FC,W,12/09/2025
Queens Park Rangers FC,A,31,1,-,3,28,Middlesbrough FC,L,12/13/2025
Queens Park Rangers FC,H,34,4,-,1,32,Leicester City FC,W,12/20/2025
Queens Park Rangers FC,A,35,1,-,1,33,Portsmouth FC,D,12/26/2025
Queens Park Rangers FC,A,35,1,-,2,34,West Bromwich Albion FC,L,12/29/2025
Queens Park Rangers FC,H,35,1,-,2,35,Norwich City FC,L,01/01/2026
Queens Park Rangers FC,H,38,3,-,0,38,Sheffield Wednesday FC,W,01/04/2026
Queens Park Rangers FC,A,38,-,-,-,38,Stoke City FC,,01/17/2026
Queens Park Rangers FC,A,38,-,-,-,38,Oxford United FC,,01/20/2026
Queens Park Rangers FC,H,38,-,-,-,38,Wrexham AFC,,01/24/2026
Queens Park Rangers FC,H,38,-,-,-,38,Coventry City FC,,01/31/2026
Queens Park Rangers FC,A,38,-,-,-,38,Charlton Athletic FC,,02/06/2026
Queens Park Rangers FC,H,38,-,-,-,38,Blackburn Rovers FC,,02/14/2026
Queens Park Rangers FC,A,38,-,-,-,38,Hull City AFC,,02/21/2026
Queens Park Rangers FC,A,38,-,-,-,38,Southampton FC,,02/24/2026
Queens Park Rangers FC,H,38,-,-,-,38,Sheffield United FC,,02/28/2026
Queens Park Rangers FC,H,38,-,-,-,38,Middlesbrough FC,,03/07/2026
Queens Park Rangers FC,A,38,-,-,-,38,Birmingham City FC,,03/10/2026
Queens Park Rangers FC,A,38,-,-,-,38,Leicester City FC,,03/14/2026
Queens Park Rangers FC,H,38,-,-,-,38,Portsmouth FC,,03/21/2026
Queens Park Rangers FC,H,38,-,-,-,38,Watford FC,,04/03/2026
Queens Park Rangers FC,A,38,-,-,-,38,Preston North End FC,,04/06/2026
Queens Park Rangers FC,H,38,-,-,-,38,Bristol City FC,,04/11/2026
Queens Park Rangers FC,A,38,-,-,-,38,Millwall FC,,04/18/2026
Queens Park Rangers FC,H,38,-,-,-,38,Swansea City AFC,,04/21/2026
Queens Park Rangers FC,H,38,-,-,-,38,Derby County FC,,04/25/2026
Queens Park Rangers FC,A,38,-,-,-,38,Ipswich Town FC,,05/02/2026
Sheffield United FC,H,0,1,-,4,1,Bristol City FC,L,08/09/2025
Sheffield United FC,A,0,0,-,1,1,Swansea City AFC,L,08/16/2025
Sheffield United FC,H,0,0,-,1,1,Millwall FC,L,08/23/2025
Sheffield United FC,A,0,0,-,1,1,Middlesbrough FC,L,08/30/2025
Sheffield United FC,A,0,0,-,5,1,Ipswich Town FC,L,09/12/2025
Sheffield United FC,H,0,0,-,1,1,Charlton Athletic FC,L,09/20/2025
Sheffield United FC,A,3,1,-,0,2,Oxford United FC,W,09/27/2025
Sheffield United FC,H,3,1,-,2,3,Southampton FC,L,09/30/2025
Sheffield United FC,A,3,0,-,1,3,Hull City AFC,L,10/04/2025
Sheffield United FC,H,6,1,-,0,4,Watford FC,W,10/18/2025
Sheffield United FC,A,9,3,-,1,7,Blackburn Rovers FC,W,10/21/2025
Sheffield United FC,A,9,2,-,3,9,Preston North End FC,L,10/24/2025
Sheffield United FC,H,9,1,-,3,10,Derby County FC,L,11/01/2025
Sheffield United FC,A,9,1,-,3,11,Coventry City FC,L,11/04/2025
Sheffield United FC,H,10,0,-,0,11,Queens Park Rangers FC,D,11/08/2025
Sheffield United FC,A,13,3,-,0,14,Sheffield Wednesday FC,W,11/23/2025
Sheffield United FC,H,16,3,-,0,17,Portsmouth FC,W,11/26/2025
Sheffield United FC,A,19,3,-,2,20,Leicester City FC,W,11/29/2025
Sheffield United FC,H,22,4,-,0,24,Stoke City FC,W,12/06/2025
Sheffield United FC,H,23,1,-,1,25,Norwich City FC,D,12/09/2025
Sheffield United FC,A,23,0,-,2,25,West Bromwich Albion FC,L,12/12/2025
Sheffield United FC,H,26,3,-,0,28,Birmingham City FC,W,12/20/2025
Sheffield United FC,A,26,3,-,5,31,Wrexham AFC,L,12/26/2025
Sheffield United FC,A,29,2,-,1,33,Stoke City FC,W,12/29/2025
Sheffield United FC,H,32,3,-,1,36,Leicester City FC,W,01/01/2026
Sheffield United FC,H,32,0,-,0,36,Oxford United FC,,01/04/2026
Sheffield United FC,A,32,-,-,-,36,Charlton Athletic FC,,01/17/2026
Sheffield United FC,A,32,-,-,-,36,Southampton FC,,01/21/2026
Sheffield United FC,H,32,-,-,-,36,Ipswich Town FC,,01/24/2026
Sheffield United FC,A,32,-,-,-,36,Millwall FC,,01/31/2026
Sheffield United FC,H,32,-,-,-,36,Middlesbrough FC,,02/09/2026
Sheffield United FC,A,32,-,-,-,36,Portsmouth FC,,02/14/2026
Sheffield United FC,H,32,-,-,-,36,Sheffield Wednesday FC,,02/22/2026
Sheffield United FC,H,32,-,-,-,36,Coventry City FC,,02/25/2026
Sheffield United FC,A,32,-,-,-,36,Queens Park Rangers FC,,02/28/2026
Sheffield United FC,H,32,-,-,-,36,West Bromwich Albion FC,,03/07/2026
Sheffield United FC,A,32,-,-,-,36,Norwich City FC,,03/10/2026
Sheffield United FC,A,32,-,-,-,36,Birmingham City FC,,03/14/2026
Sheffield United FC,H,32,-,-,-,36,Wrexham AFC,,03/21/2026
Sheffield United FC,H,32,-,-,-,36,Swansea City AFC,,04/03/2026
Sheffield United FC,A,32,-,-,-,36,Bristol City FC,,04/06/2026
Sheffield United FC,H,32,-,-,-,36,Hull City AFC,,04/11/2026
Sheffield United FC,A,32,-,-,-,36,Watford FC,,04/18/2026
Sheffield United FC,H,32,-,-,-,36,Blackburn Rovers FC,,04/22/2026
Sheffield United FC,H,32,-,-,-,36,Preston North End FC,,04/25/2026
Sheffield United FC,A,32,-,-,-,36,Derby County FC,,05/02/2026
Sheffield Wednesday FC,A,0,1,-,2,1,Leicester City FC,L,08/10/2025
Sheffield Wednesday FC,H,0,0,-,3,1,Stoke City FC,L,08/16/2025
Sheffield Wednesday FC,A,1,2,-,2,3,Wrexham AFC,D,08/23/2025
Sheffield Wednesday FC,H,1,0,-,2,3,Swansea City AFC,L,08/30/2025
Sheffield Wednesday FC,H,1,0,-,3,3,Bristol City FC,L,09/13/2025
Sheffield Wednesday FC,A,4,2,-,0,5,Portsmouth FC,W,09/20/2025
Sheffield Wednesday FC,H,5,1,-,1,6,Queens Park Rangers FC,D,09/27/2025
Sheffield Wednesday FC,A,6,2,-,2,8,Birmingham City FC,D,09/30/2025
Sheffield Wednesday FC,H,6,0,-,5,8,Coventry City FC,L,10/04/2025
Sheffield Wednesday FC,A,6,1,-,2,9,Charlton Athletic FC,L,10/18/2025
Sheffield Wednesday FC,H,6,0,-,1,9,Middlesbrough FC,L,10/22/2025
Sheffield Wednesday FC,H,6,1,-,2,10,Oxford United FC,L,10/25/2025
Sheffield Wednesday FC,A,7,0,-,0,10,West Bromwich Albion FC,D,11/01/2025
Sheffield Wednesday FC,H,8,1,-,1,11,Norwich City FC,D,11/05/2025
Sheffield Wednesday FC,A,8,1,-,3,12,Southampton FC,L,11/08/2025
Sheffield Wednesday FC,H,8,0,-,3,12,Sheffield United FC,L,11/23/2025
Sheffield Wednesday FC,A,8,0,-,1,12,Millwall FC,L,11/26/2025
Sheffield Wednesday FC,H,8,2,-,3,14,Preston North End FC,L,11/29/2025
Sheffield Wednesday FC,A,8,0,-,1,14,Blackburn Rovers FC,,12/06/2025
Sheffield Wednesday FC,A,9,1,-,1,15,Watford FC,D,12/09/2025
Sheffield Wednesday FC,H,9,0,-,3,15,Derby County FC,L,12/15/2025
Sheffield Wednesday FC,A,9,1,-,3,16,Ipswich Town FC,L,12/20/2025
Sheffield Wednesday FC,H,10,2,-,2,18,Hull City AFC,D,12/26/2025
Sheffield Wednesday FC,H,11,0,-,0,18,Blackburn Rovers FC,D,12/29/2025
Sheffield Wednesday FC,A,11,0,-,3,18,Preston North End FC,L,01/01/2026
Sheffield Wednesday FC,A,11,0,-,3,18,Queens Park Rangers FC,L,01/04/2026
Sheffield Wednesday FC,H,11,-,-,-,18,Portsmouth FC,,01/17/2026
Sheffield Wednesday FC,H,11,-,-,-,18,Birmingham City FC,,01/20/2026
Sheffield Wednesday FC,A,11,-,-,-,18,Bristol City FC,,01/24/2026
Sheffield Wednesday FC,H,11,-,-,-,18,Wrexham AFC,,01/31/2026
Sheffield Wednesday FC,A,11,-,-,-,18,Swansea City AFC,,02/08/2026
Sheffield Wednesday FC,H,11,-,-,-,18,Millwall FC,,02/14/2026
Sheffield Wednesday FC,A,11,-,-,-,18,Sheffield United FC,,02/22/2026
Sheffield Wednesday FC,A,11,-,-,-,18,Norwich City FC,,02/25/2026
Sheffield Wednesday FC,H,11,-,-,-,18,Southampton FC,,02/28/2026
Sheffield Wednesday FC,A,11,-,-,-,18,Derby County FC,,03/07/2026
Sheffield Wednesday FC,H,11,-,-,-,18,Watford FC,,03/10/2026
Sheffield Wednesday FC,H,11,-,-,-,18,Ipswich Town FC,,03/14/2026
Sheffield Wednesday FC,A,11,-,-,-,18,Hull City AFC,,03/21/2026
Sheffield Wednesday FC,A,11,-,-,-,18,Stoke City FC,,04/03/2026
Sheffield Wednesday FC,H,11,-,-,-,18,Leicester City FC,,04/06/2026
Sheffield Wednesday FC,A,11,-,-,-,18,Coventry City FC,,04/11/2026
Sheffield Wednesday FC,H,11,-,-,-,18,Charlton Athletic FC,,04/18/2026
Sheffield Wednesday FC,A,11,-,-,-,18,Middlesbrough FC,,04/21/2026
Sheffield Wednesday FC,A,11,-,-,-,18,Oxford United FC,,04/25/2026
Sheffield Wednesday FC,H,11,-,-,-,18,West Bromwich Albion FC,,05/02/2026
Southampton FC,H,3,2,-,1,2,Wrexham AFC,W,08/09/2025
Southampton FC,A,4,1,-,1,3,Ipswich Town FC,D,08/17/2025
Southampton FC,H,4,1,-,2,4,Stoke City FC,L,08/23/2025
Southampton FC,A,5,2,-,2,6,Watford FC,D,08/30/2025
Southampton FC,H,6,0,-,0,6,Portsmouth FC,D,09/14/2025
Southampton FC,A,6,1,-,3,7,Hull City AFC,L,09/20/2025
Southampton FC,H,7,1,-,1,8,Middlesbrough FC,D,09/27/2025
Southampton FC,A,10,2,-,1,10,Sheffield United FC,W,09/30/2025
Southampton FC,A,11,1,-,1,11,Derby County FC,D,10/04/2025
Southampton FC,H,12,0,-,0,11,Swansea City AFC,D,10/18/2025
Southampton FC,A,12,1,-,3,12,Bristol City FC,L,10/21/2025
Southampton FC,A,12,1,-,2,13,Blackburn Rovers FC,L,10/25/2025
Southampton FC,H,12,0,-,2,13,Preston North End FC,L,11/01/2025
Southampton FC,A,15,2,-,1,15,Queens Park Rangers FC,W,11/05/2025
Southampton FC,H,18,3,-,1,18,Sheffield Wednesday FC,W,11/08/2025
Southampton FC,A,21,5,-,1,23,Charlton Athletic FC,W,11/22/2025
Southampton FC,H,24,3,-,0,26,Leicester City FC,W,11/25/2025
Southampton FC,A,24,2,-,3,28,Millwall FC,L,11/29/2025
Southampton FC,H,27,3,-,1,31,Birmingham City FC,W,12/06/2025
Southampton FC,H,30,3,-,2,34,West Bromwich Albion FC,W,12/09/2025
Southampton FC,A,30,1,-,2,35,Norwich City FC,L,12/13/2025
Southampton FC,H,31,1,-,1,36,Coventry City FC,D,12/20/2025
Southampton FC,A,31,1,-,2,37,Oxford United FC,L,12/26/2025
Southampton FC,A,32,1,-,1,38,Birmingham City FC,D,12/29/2025
Southampton FC,H,33,0,-,0,38,Millwall FC,D,01/01/2026
Southampton FC,A,33,0,-,4,38,Middlesbrough FC,L,01/04/2026
Southampton FC,H,33,-,-,-,38,Hull City AFC,,01/17/2026
Southampton FC,H,33,-,-,-,38,Sheffield United FC,,01/21/2026
Southampton FC,A,33,-,-,-,38,Portsmouth FC,,01/25/2026
Southampton FC,A,33,-,-,-,38,Stoke City FC,,01/31/2026
Southampton FC,H,33,-,-,-,38,Watford FC,,02/07/2026
Southampton FC,A,33,-,-,-,38,Leicester City FC,,02/14/2026
Southampton FC,H,33,-,-,-,38,Charlton Athletic FC,,02/21/2026
Southampton FC,H,33,-,-,-,38,Queens Park Rangers FC,,02/24/2026
Southampton FC,A,33,-,-,-,38,Sheffield Wednesday FC,,02/28/2026
Southampton FC,H,33,-,-,-,38,Norwich City FC,,03/07/2026
Southampton FC,A,33,-,-,-,38,West Bromwich Albion FC,,03/11/2026
Southampton FC,A,33,-,-,-,38,Coventry City FC,,03/14/2026
Southampton FC,H,33,-,-,-,38,Oxford United FC,,03/21/2026
Southampton FC,H,33,-,-,-,38,Ipswich Town FC,,04/03/2026
Southampton FC,A,33,-,-,-,38,Wrexham AFC,,04/06/2026
Southampton FC,H,33,-,-,-,38,Derby County FC,,04/11/2026
Southampton FC,A,33,-,-,-,38,Swansea City AFC,,04/18/2026
Southampton FC,H,33,-,-,-,38,Bristol City FC,,04/21/2026
Southampton FC,H,33,-,-,-,38,Blackburn Rovers FC,,04/25/2026
Southampton FC,A,33,-,-,-,38,Preston North End FC,,05/02/2026
Stoke City FC,H,3,3,-,1,3,Derby County FC,W,08/09/2025
Stoke City FC,A,6,3,-,0,6,Sheffield Wednesday FC,W,08/16/2025
Stoke City FC,A,9,2,-,1,8,Southampton FC,W,08/23/2025
Stoke City FC,H,9,0,-,1,8,West Bromwich Albion FC,L,08/30/2025
Stoke City FC,H,12,1,-,0,9,Birmingham City FC,W,09/13/2025
Stoke City FC,A,12,0,-,1,9,Queens Park Rangers FC,L,09/20/2025
Stoke City FC,H,13,1,-,1,10,Norwich City FC,D,09/27/2025
Stoke City FC,A,14,0,-,0,10,Middlesbrough FC,D,09/30/2025
Stoke City FC,A,15,1,-,1,11,Blackburn Rovers FC,D,10/04/2025
Stoke City FC,H,18,1,-,0,12,Wrexham AFC,W,10/18/2025
Stoke City FC,A,18,0,-,2,12,Millwall FC,L,10/21/2025
Stoke City FC,A,21,1,-,0,13,Portsmouth FC,W,10/25/2025
Stoke City FC,H,24,5,-,1,18,Bristol City FC,W,11/01/2025
Stoke City FC,A,27,3,-,0,21,Oxford United FC,W,11/04/2025
Stoke City FC,H,27,0,-,1,21,Coventry City FC,L,11/08/2025
Stoke City FC,A,27,1,-,2,22,Leicester City FC,L,11/22/2025
Stoke City FC,H,30,3,-,0,25,Charlton Athletic FC,W,11/25/2025
Stoke City FC,H,30,1,-,2,26,Hull City AFC,L,11/29/2025
Stoke City FC,A,30,0,-,4,26,Sheffield United FC,L,12/06/2025
Stoke City FC,A,30,0,-,1,26,Ipswich Town FC,L,12/10/2025
Stoke City FC,H,33,2,-,1,28,Swansea City AFC,W,12/13/2025
Stoke City FC,A,33,0,-,1,28,Watford FC,L,12/20/2025
Stoke City FC,H,34,0,-,0,28,Preston North End FC,D,12/26/2025
Stoke City FC,H,34,1,-,2,29,Sheffield United FC,L,12/29/2025
Stoke City FC,A,37,1,-,0,30,Hull City AFC,W,01/01/2026
Stoke City FC,A,40,2,-,0,32,Norwich City FC,W,01/04/2026
Stoke City FC,H,40,-,-,-,32,Queens Park Rangers FC,,01/17/2026
Stoke City FC,H,40,-,-,-,32,Middlesbrough FC,,01/21/2026
Stoke City FC,A,40,-,-,-,32,Birmingham City FC,,01/24/2026
Stoke City FC,H,40,-,-,-,32,Southampton FC,,01/31/2026
Stoke City FC,A,40,-,-,-,32,West Bromwich Albion FC,,02/07/2026
Stoke City FC,A,40,-,-,-,32,Charlton Athletic FC,,02/14/2026
Stoke City FC,H,40,-,-,-,32,Leicester City FC,,02/21/2026
Stoke City FC,H,40,-,-,-,32,Oxford United FC,,02/25/2026
Stoke City FC,A,40,-,-,-,32,Coventry City FC,,02/28/2026
Stoke City FC,A,40,-,-,-,32,Swansea City AFC,,03/07/2026
Stoke City FC,H,40,-,-,-,32,Ipswich Town FC,,03/10/2026
Stoke City FC,H,40,-,-,-,32,Watford FC,,03/14/2026
Stoke City FC,A,40,-,-,-,32,Preston North End FC,,03/21/2026
Stoke City FC,H,40,-,-,-,32,Sheffield Wednesday FC,,04/03/2026
Stoke City FC,A,40,-,-,-,32,Derby County FC,,04/06/2026
Stoke City FC,H,40,-,-,-,32,Blackburn Rovers FC,,04/11/2026
Stoke City FC,A,40,-,-,-,32,Wrexham AFC,,04/18/2026
Stoke City FC,H,40,-,-,-,32,Millwall FC,,04/21/2026
Stoke City FC,H,40,-,-,-,32,Portsmouth FC,,04/25/2026
Stoke City FC,A,40,-,-,-,32,Bristol City FC,,05/02/2026
Swansea City AFC,A,0,0,-,1,0,Middlesbrough FC,L,08/09/2025
Swansea City AFC,H,3,1,-,0,1,Sheffield United FC,W,08/16/2025
Swansea City AFC,H,4,1,-,1,2,Watford FC,D,08/23/2025
Swansea City AFC,A,7,2,-,0,4,Sheffield Wednesday FC,W,08/30/2025
Swansea City AFC,H,8,2,-,2,6,Hull City AFC,D,09/13/2025
Swansea City AFC,A,8,0,-,1,6,Birmingham City FC,L,09/20/2025
Swansea City AFC,H,9,1,-,1,7,Millwall FC,D,09/27/2025
Swansea City AFC,A,12,2,-,1,9,Blackburn Rovers FC,W,09/30/2025
Swansea City AFC,H,12,1,-,3,10,Leicester City FC,L,10/04/2025
Swansea City AFC,A,13,0,-,0,10,Southampton FC,D,10/18/2025
Swansea City AFC,H,13,0,-,1,10,Queens Park Rangers FC,L,10/22/2025
Swansea City AFC,H,16,2,-,1,12,Norwich City FC,W,10/25/2025
Swansea City AFC,A,17,1,-,1,13,Charlton Athletic FC,D,11/01/2025
Swansea City AFC,A,17,1,-,2,14,Preston North End FC,L,11/05/2025
Swansea City AFC,H,17,1,-,4,15,Ipswich Town FC,L,11/08/2025
Swansea City AFC,A,17,0,-,3,15,Bristol City FC,L,11/22/2025
Swansea City AFC,H,17,1,-,2,16,Derby County FC,L,11/25/2025
Swansea City AFC,A,17,2,-,3,18,West Bromwich Albion FC,L,11/29/2025
Swansea City AFC,H,20,2,-,0,20,Oxford United FC,W,12/06/2025
Swansea City AFC,H,23,1,-,0,21,Portsmouth FC,W,12/09/2025
Swansea City AFC,A,23,1,-,2,22,Stoke City FC,L,12/13/2025
Swansea City AFC,H,26,2,-,1,24,Wrexham AFC,W,12/19/2025
Swansea City AFC,A,26,0,-,1,24,Coventry City FC,L,12/26/2025
Swansea City AFC,A,29,1,-,0,25,Oxford United FC,W,12/29/2025
Swansea City AFC,H,32,1,-,0,26,West Bromwich Albion FC,W,01/01/2026
Swansea City AFC,A,32,1,-,2,27,Millwall FC,L,01/04/2026
Swansea City AFC,H,32,-,-,-,27,Birmingham City FC,,01/17/2026
Swansea City AFC,H,32,-,-,-,27,Blackburn Rovers FC,,01/20/2026
Swansea City AFC,A,32,-,-,-,27,Hull City AFC,,01/24/2026
Swansea City AFC,A,32,-,-,-,27,Watford FC,,01/31/2026
Swansea City AFC,H,32,-,-,-,27,Sheffield Wednesday FC,,02/08/2026
Swansea City AFC,A,32,-,-,-,27,Derby County FC,,02/14/2026
Swansea City AFC,H,32,-,-,-,27,Bristol City FC,,02/21/2026
Swansea City AFC,H,32,-,-,-,27,Preston North End FC,,02/24/2026
Swansea City AFC,A,32,-,-,-,27,Ipswich Town FC,,02/28/2026
Swansea City AFC,H,32,-,-,-,27,Stoke City FC,,03/07/2026
Swansea City AFC,A,32,-,-,-,27,Portsmouth FC,,03/10/2026
Swansea City AFC,A,32,-,-,-,27,Wrexham AFC,,03/14/2026
Swansea City AFC,H,32,-,-,-,27,Coventry City FC,,03/21/2026
Swansea City AFC,A,32,-,-,-,27,Sheffield United FC,,04/03/2026
Swansea City AFC,H,32,-,-,-,27,Middlesbrough FC,,04/06/2026
Swansea City AFC,A,32,-,-,-,27,Leicester City FC,,04/11/2026
Swansea City AFC,H,32,-,-,-,27,Southampton FC,,04/18/2026
Swansea City AFC,A,32,-,-,-,27,Queens Park Rangers FC,,04/21/2026
Swansea City AFC,A,32,-,-,-,27,Norwich City FC,,04/25/2026
Swansea City AFC,H,32,-,-,-,27,Charlton Athletic FC,,05/02/2026
Watford FC,A,0,0,-,1,0,Charlton Athletic FC,L,08/09/2025
Watford FC,H,3,2,-,1,2,Queens Park Rangers FC,W,08/16/2025
Watford FC,A,4,1,-,1,3,Swansea City AFC,D,08/23/2025
Watford FC,H,5,2,-,2,5,Southampton FC,D,08/30/2025
Watford FC,H,5,0,-,1,5,Blackburn Rovers FC,L,09/13/2025
Watford FC,A,5,0,-,1,5,Millwall FC,L,09/22/2025
Watford FC,H,8,2,-,1,7,Hull City AFC,W,09/27/2025
Watford FC,A,9,2,-,2,9,Portsmouth FC,D,10/01/2025
Watford FC,H,12,2,-,1,11,Oxford United FC,W,10/04/2025
Watford FC,A,12,0,-,1,11,Sheffield United FC,L,10/18/2025
Watford FC,H,15,2,-,1,13,West Bromwich Albion FC,W,10/22/2025
Watford FC,A,15,1,-,3,14,Coventry City FC,L,10/25/2025
Watford FC,H,18,3,-,0,17,Middlesbrough FC,W,11/01/2025
Watford FC,A,19,1,-,1,18,Ipswich Town FC,D,11/04/2025
Watford FC,H,20,1,-,1,19,Bristol City FC,D,11/07/2025
Watford FC,A,23,3,-,2,22,Derby County FC,W,11/22/2025
Watford FC,H,24,1,-,1,23,Preston North End FC,D,11/25/2025
Watford FC,A,24,1,-,2,24,Birmingham City FC,L,12/01/2025
Watford FC,H,27,3,-,2,27,Norwich City FC,W,12/06/2025
Watford FC,H,28,1,-,1,28,Sheffield Wednesday FC,D,12/09/2025
Watford FC,A,29,2,-,2,30,Wrexham AFC,D,12/13/2025
Watford FC,H,32,1,-,0,31,Stoke City FC,W,12/20/2025
Watford FC,A,35,2,-,1,33,Leicester City FC,W,12/26/2025
Watford FC,A,38,1,-,0,34,Norwich City FC,W,12/29/2025
Watford FC,H,41,3,-,0,37,Birmingham City FC,W,01/01/2026
Watford FC,A,41,0,-,0,37,Hull City AFC,,01/04/2026
Watford FC,H,41,-,-,-,37,Millwall FC,,01/17/2026
Watford FC,H,41,-,-,-,37,Portsmouth FC,,01/21/2026
Watford FC,A,41,-,-,-,37,Blackburn Rovers FC,,01/24/2026
Watford FC,H,41,-,-,-,37,Swansea City AFC,,01/31/2026
Watford FC,A,41,-,-,-,37,Southampton FC,,02/07/2026
Watford FC,A,41,-,-,-,37,Preston North End FC,,02/14/2026
Watford FC,H,41,-,-,-,37,Derby County FC,,02/21/2026
Watford FC,H,41,-,-,-,37,Ipswich Town FC,,02/24/2026
Watford FC,A,41,-,-,-,37,Bristol City FC,,02/27/2026
Watford FC,H,41,-,-,-,37,Wrexham AFC,,03/07/2026
Watford FC,A,41,-,-,-,37,Sheffield Wednesday FC,,03/10/2026
Watford FC,A,41,-,-,-,37,Stoke City FC,,03/14/2026
Watford FC,H,41,-,-,-,37,Leicester City FC,,03/21/2026
Watford FC,A,41,-,-,-,37,Queens Park Rangers FC,,04/03/2026
Watford FC,H,41,-,-,-,37,Charlton Athletic FC,,04/06/2026
Watford FC,A,41,-,-,-,37,Oxford United FC,,04/11/2026
Watford FC,H,41,-,-,-,37,Sheffield United FC,,04/18/2026
Watford FC,A,41,-,-,-,37,West Bromwich Albion FC,,04/21/2026
Watford FC,A,41,-,-,-,37,Middlesbrough FC,,04/25/2026
Watford FC,H,41,-,-,-,37,Coventry City FC,,05/02/2026
West Bromwich Albion FC,H,3,1,-,0,1,Blackburn Rovers FC,W,08/09/2025
West Bromwich Albion FC,A,6,3,-,2,4,Wrexham AFC,W,08/16/2025
West Bromwich Albion FC,H,7,1,-,1,5,Portsmouth FC,D,08/23/2025
West Bromwich Albion FC,A,10,1,-,0,6,Stoke City FC,W,08/30/2025
West Bromwich Albion FC,H,10,0,-,1,6,Derby County FC,L,09/13/2025
West Bromwich Albion FC,A,10,1,-,2,7,Middlesbrough FC,L,09/19/2025
West Bromwich Albion FC,H,11,1,-,1,8,Leicester City FC,D,09/26/2025
West Bromwich Albion FC,A,14,1,-,0,9,Norwich City FC,W,10/01/2025
West Bromwich Albion FC,A,14,0,-,3,9,Millwall FC,L,10/04/2025
West Bromwich Albion FC,H,17,2,-,1,11,Preston North End FC,W,10/18/2025
West Bromwich Albion FC,A,17,1,-,2,12,Watford FC,L,10/22/2025
West Bromwich Albion FC,A,17,0,-,1,12,Ipswich Town FC,L,10/25/2025
West Bromwich Albion FC,H,18,0,-,0,12,Sheffield Wednesday FC,D,11/01/2025
West Bromwich Albion FC,A,18,0,-,1,12,Charlton Athletic FC,L,11/04/2025
West Bromwich Albion FC,H,21,2,-,1,14,Oxford United FC,W,11/08/2025
West Bromwich Albion FC,A,21,2,-,3,16,Coventry City FC,L,11/22/2025
West Bromwich Albion FC,H,22,1,-,1,17,Birmingham City FC,D,11/26/2025
West Bromwich Albion FC,H,25,3,-,2,20,Swansea City AFC,W,11/29/2025
West Bromwich Albion FC,A,25,1,-,3,21,Queens Park Rangers FC,L,12/06/2025
West Bromwich Albion FC,A,25,2,-,3,23,Southampton FC,L,12/09/2025
West Bromwich Albion FC,H,28,2,-,0,25,Sheffield United FC,W,12/12/2025
West Bromwich Albion FC,A,28,0,-,1,25,Hull City AFC,L,12/20/2025
West Bromwich Albion FC,H,28,1,-,2,26,Bristol City FC,L,12/26/2025
West Bromwich Albion FC,H,31,2,-,1,28,Queens Park Rangers FC,W,12/29/2025
West Bromwich Albion FC,A,31,0,-,1,28,Swansea City AFC,L,01/01/2026
West Bromwich Albion FC,A,31,1,-,2,29,Leicester City FC,L,01/05/2026
West Bromwich Albion FC,H,31,-,-,-,29,Middlesbrough FC,,01/16/2026
West Bromwich Albion FC,H,31,-,-,-,29,Norwich City FC,,01/20/2026
West Bromwich Albion FC,A,31,-,-,-,29,Derby County FC,,01/23/2026
West Bromwich Albion FC,A,31,-,-,-,29,Portsmouth FC,,01/31/2026
West Bromwich Albion FC,H,31,-,-,-,29,Stoke City FC,,02/07/2026
West Bromwich Albion FC,A,31,-,-,-,29,Birmingham City FC,,02/14/2026
West Bromwich Albion FC,H,31,-,-,-,29,Coventry City FC,,02/21/2026
West Bromwich Albion FC,H,31,-,-,-,29,Charlton Athletic FC,,02/24/2026
West Bromwich Albion FC,A,31,-,-,-,29,Oxford United FC,,02/28/2026
West Bromwich Albion FC,A,31,-,-,-,29,Sheffield United FC,,03/07/2026
West Bromwich Albion FC,H,31,-,-,-,29,Southampton FC,,03/11/2026
West Bromwich Albion FC,H,31,-,-,-,29,Hull City AFC,,03/14/2026
West Bromwich Albion FC,A,31,-,-,-,29,Bristol City FC,,03/21/2026
West Bromwich Albion FC,H,31,-,-,-,29,Wrexham AFC,,04/03/2026
West Bromwich Albion FC,A,31,-,-,-,29,Blackburn Rovers FC,,04/06/2026
West Bromwich Albion FC,H,31,-,-,-,29,Millwall FC,,04/11/2026
West Bromwich Albion FC,A,31,-,-,-,29,Preston North End FC,,04/18/2026
West Bromwich Albion FC,H,31,-,-,-,29,Watford FC,,04/21/2026
West Bromwich Albion FC,H,31,-,-,-,29,Ipswich Town FC,,04/25/2026
West Bromwich Albion FC,A,31,-,-,-,29,Sheffield Wednesday FC,,05/02/2026
Wrexham AFC,A,0,1,-,2,1,Southampton FC,L,08/09/2025
Wrexham AFC,H,0,2,-,3,3,West Bromwich Albion FC,L,08/16/2025
Wrexham AFC,H,1,2,-,2,5,Sheffield Wednesday FC,D,08/23/2025
Wrexham AFC,A,4,2,-,0,7,Millwall FC,W,08/30/2025
Wrexham AFC,H,4,1,-,3,8,Queens Park Rangers FC,L,09/13/2025
Wrexham AFC,A,7,3,-,2,11,Norwich City FC,W,09/20/2025
Wrexham AFC,H,8,1,-,1,12,Derby County FC,D,09/27/2025
Wrexham AFC,A,9,1,-,1,13,Leicester City FC,D,09/30/2025
Wrexham AFC,H,10,1,-,1,14,Birmingham City FC,D,10/03/2025
Wrexham AFC,A,10,0,-,1,14,Stoke City FC,L,10/18/2025
Wrexham AFC,H,13,1,-,0,15,Oxford United FC,W,10/22/2025
Wrexham AFC,A,14,1,-,1,16,Middlesbrough FC,D,10/25/2025
Wrexham AFC,H,17,3,-,2,19,Coventry City FC,W,10/31/2025
Wrexham AFC,A,18,0,-,0,19,Portsmouth FC,D,11/05/2025
Wrexham AFC,H,21,1,-,0,20,Charlton Athletic FC,W,11/08/2025
Wrexham AFC,A,22,0,-,0,20,Ipswich Town FC,D,11/22/2025
Wrexham AFC,H,25,2,-,0,22,Bristol City FC,W,11/26/2025
Wrexham AFC,H,26,1,-,1,23,Blackburn Rovers FC,D,11/29/2025
Wrexham AFC,A,27,1,-,1,24,Preston North End FC,D,12/06/2025
Wrexham AFC,A,27,0,-,2,24,Hull City AFC,L,12/10/2025
Wrexham AFC,H,28,2,-,2,26,Watford FC,D,12/13/2025
Wrexham AFC,A,28,1,-,2,27,Swansea City AFC,L,12/19/2025
Wrexham AFC,H,31,5,-,3,32,Sheffield United FC,W,12/26/2025
Wrexham AFC,H,34,2,-,1,34,Preston North End FC,W,12/29/2025
Wrexham AFC,A,37,2,-,0,36,Blackburn Rovers FC,W,01/01/2026
Wrexham AFC,A,40,2,-,1,38,Derby County FC,W,01/04/2026
Wrexham AFC,H,40,-,-,-,38,Norwich City FC,,01/17/2026
Wrexham AFC,H,40,-,-,-,38,Leicester City FC,,01/20/2026
Wrexham AFC,A,40,-,-,-,38,Queens Park Rangers FC,,01/24/2026
Wrexham AFC,A,40,-,-,-,38,Sheffield Wednesday FC,,01/31/2026
Wrexham AFC,H,40,-,-,-,38,Millwall FC,,02/07/2026
Wrexham AFC,A,40,-,-,-,38,Bristol City FC,,02/13/2026
Wrexham AFC,H,40,-,-,-,38,Ipswich Town FC,,02/21/2026
Wrexham AFC,H,40,-,-,-,38,Portsmouth FC,,02/24/2026
Wrexham AFC,A,40,-,-,-,38,Charlton Athletic FC,,02/28/2026
Wrexham AFC,A,40,-,-,-,38,Watford FC,,03/07/2026
Wrexham AFC,H,40,-,-,-,38,Hull City AFC,,03/10/2026
Wrexham AFC,H,40,-,-,-,38,Swansea City AFC,,03/14/2026
Wrexham AFC,A,40,-,-,-,38,Sheffield United FC,,03/21/2026
Wrexham AFC,A,40,-,-,-,38,West Bromwich Albion FC,,04/03/2026
Wrexham AFC,H,40,-,-,-,38,Southampton FC,,04/06/2026
Wrexham AFC,A,40,-,-,-,38,Birmingham City FC,,04/11/2026
Wrexham AFC,H,40,-,-,-,38,Stoke City FC,,04/18/2026
Wrexham AFC,A,40,-,-,-,38,Oxford United FC,,04/21/2026
Wrexham AFC,A,40,-,-,-,38,Coventry City FC,,04/25/2026
Wrexham AFC,H,40,-,-,-,38,Middlesbrough FC,,05/02/2026
